Term	ID	es	nes	pval	sidak	fdr	geneset_size	leading_edge	propagated_edge
GABA-A receptor		-0.6543060756130736	-4.427678353617304	9.525280158406702e-06	0.0013992429974277797	0.0008349553234693074	6	GABRB2,GABRG2,GABRA1,GABRB1,GABRP,GABRA2	GABRA6,GABRA3,GABRD,GABRA2,GABRB2,GABRB3,GABRA1,GABRR3,GABRR2,GABRE,GABRR1,GABRG3,AOX1,GABRP,GABRQ,GABRG1,GABRG2,GABRA5,GABRB1
Serine/threonine protein phosphatase		-0.466957989553185	-4.219840561902926	2.4447515416303744e-05	0.0035873786232500297	0.0008349553234693074	9	PPM1G,PPM1A,PPP5C,PPP1CB,AKT1,PPM1D,PPP3CA,PPP2CA	PPM1D,UBLCP1,PPM1G,PPP2CB,PPP5C,PPP1CA,PPP3CB,PPM1A,PPP1CB,PPM1B,PPP3CA,PPP2CA,PPP1CC,AKT1,PHLPP2
Nucleotide-like receptor (family A GPCR)		-0.4630904917241041	-4.1622504860484275	3.1512639597552905e-05	0.004621717851792434	0.0008349553234693074	8	P2RY11,P2RY14,P2RY12,P2RY13	P2RY13,ADORA3,P2RY11,ADORA2A,ADORA1,P2RY8,P2RY12,P2RY6,P2RY14,ADORA2B,P2RY1,P2RY2,ADRA2A
Purine receptor		-0.510748792270562	-4.1481721748032	3.351403182505486e-05	0.004914529223245613	0.0008349553234693074	5	P2RY1,P2RY12,P2RY2,P2RY11,P2RY13	P2RY13,P2RY4,P2RY11,P2RY1,P2RY8,P2RY12,P2RY2,P2RY6
Ionotropic glutamate receptor		-0.43288253897285545	-4.106876337956226	4.010457983705251e-05	0.005878147146339636	0.0008349553234693074	10	GRIK4,CACNG2,GRIK1,GRIK3	GRIA3,GRIN2B,GRIN3B,GRIA2,CACNG8,CACNG2,GRID2,GRIN3A,GRIK4,GRIA4,GRIK3,GRIN2C,GRIK2,GRIK1,GRIN2D,GRIK5,GRIN1,GRIA1,GRID1
CK1 protein kinase group		-0.49625603864737716	-4.0918978242352	4.278571749316562e-05	0.006269896675370902	0.0008349553234693074	5	CSNK1A1,CSNK1G3,VRK1,CRBN,TTBK1	TTBK2,CSNK1D,CSNK1G3,CSNK1E,CSNK1G1,CSNK1A1,VRK1,CRBN,TTBK1,CSNK1A1L
AGC protein kinase AKT family		-0.49260971012138605	-4.077795994058635	4.5464631114544574e-05	0.006661168108966497	0.0008349553234693074	5	AKT2,AKT1,CRBN	CRBN,AKT3,PPP1CA,RPS6KB1,AKT2,AKT1
TKL protein kinase MLK family		-0.4860879709909499	-4.052636413725515	5.064367644269652e-05	0.007417165008566907	0.0008349553234693074	5	TAB1,MAP3K13,TNNI3K	TAB1,TNNI3K,MAP3K10,ILK,MAP3K13,MAP3K9,MAP3K7,MAP3K11
Tyrosine protein kinase Tec family		-0.5438962703504047	-4.042062734528294	5.2983052162947075e-05	0.007758461560116252	0.0008349553234693074	6	TXK,BMX,TEC,CRBN	TEC,TXK,VHL,BTK,CRBN,ITK,BMX
Serotonin receptor		-0.5343640536297178	-4.009452617048476	6.085966332669557e-05	0.008906740633656778	0.0008349553234693074	6	HTR7,HTR1B,HTR6,HTR5A,HTR3B,HTR4	HTR4,HTR2A,HTR1E,HTR3D,HTR5A,HTR3E,HTR7,HTR2C,HTR1B,HTR2B,HTR1D,HTR3B,HTR6,HTR1F,HTR3A
Transient receptor potential channel		-0.38967446423698654	-3.9879821373141158	6.663767974779411e-05	0.009748240165718165	0.0008349553234693074	12	TRPV6,TRPC7,TRPC4,TRPM6,TRPM3,TRPV5,TRPA1,TRPC3,TRPC6,PKD1	TRPV5,PKD1,TRPC7,MCOLN3,TRPV2,MCOLN1,TRPV1,TRPV3,TRPM8,TRPA1,TRPC6,TRPM2,TRPM7,TRPC1,TRPM5,TRPC4,TRPV4,TRPM6,TRPV6,TRPM3,TRPC3,TRPC5
AGC protein kinase RSK family		-0.42799171783075446	-3.9764726521514104	6.994503851243117e-05	0.01022959833711529	0.0008349553234693074	7	RPS6KA2,RPS6KA6,RPS6KA5,AKT1,RPS6KA3	RPS6KA6,RPS6KA1,RPS6KB2,RPS6KA2,RPS6KA3,RPS6KA5,RPS6KB1,AKT1
Chromodomain		-0.5208653551845516	-3.963562286580935	7.383958642925847e-05	0.010796118997617576	0.0008349553234693074	6	CBX6,CBX8,CBX7,CBX1,CBX5	CBX7,CBX5,CBX1,CBX2,CBX8,CDY1,CBX3,CDYL2,CBX6,CDY1B,CDYL
TKL protein kinase RAF family		-0.4573671497584845	-3.94294785934703	8.048615865452469e-05	0.011762219316521098	0.0008451046658725092	5	BRAF,RAF1,VHL,MAPK1,CRBN	BRAF,VHL,MAPK1,CRBN,RAF1
ABCC subfamily		-0.4070823174708078	-3.889910349005666	0.00010028126251770964	0.014633952266438103	0.0009827563726735543	7	ABCC9,ABCC5,ABCC6,ABCC10	ABCC9,SLCO1B1,ABCC11,ABCC10,ABCC3,ABCC5,ABCC8,KCNJ8,ABCC2,ABCC4,ABCC6
EDG receptor		-0.3783166282361687	-3.7736737433109973	0.00016086110007074161	0.023371049696952605	0.0014779113568999386	7	LPAR3,LPAR4,S1PR5,S1PR3	S1PR5,LPAR5,LPAR6,LPAR4,S1PR2,S1PR3,S1PR4,LPAR2,LPAR3,LPAR1
Protein phosphatase regulatory subunit		-0.3581440309328089	-3.746966116687937	0.00017898625212309227	0.025970154872981283	0.0015477046507114448	9	PPP2R5A,ANKRD44,PTPA,ANKRD28,PPP4R3B,PPP6R3,PPP6R1,PPP3R1,PPP2R2A	PPP6R3,ANKRD28,PPP3R1,PPP2R2A,PPP4R3B,ANKRD52,PPP1R15B,PPP6R2,ANKRD44,PPP6R1,PTPA,PPP2R5A
Guanylate cyclase		-0.37702948588929436	-3.6506267344846246	0.0002616011881764191	0.0377301954469226	0.002136409703440756	5	NPR1,GUCY2C	GUCY1A1,GUCY1B1,NPR2,NPR1,GUCY1B2,GUCY2C,GUCY1A2
Adrenergic receptor		-0.4152540444710919	-3.621989352065002	0.0002923461575636832	0.042070570526882366	0.0022618360611506017	6	ADRA1B,ADRA1D	ADRA2C,ADRB2,ADORA1,ADRA1D,OPRM1,ADRA1B,ADRA1A,ADRB1,ADRB3,ADRA2A
STE protein kinase STE20 family		-0.28719140334811233	-3.5867281267766122	0.00033485312515280086	0.04803941993602375	0.0024486946674318055	16	STK3,TAOK1,PAK5,MAP4K3,TAOK3,CRBN,TNIK,MINK1,STK25	STK4,MAP4K3,MYO3A,STK25,MINK1,MAP4K2,STK3,OXSR1,SLK,PAK2,STK26,TNIK,TAOK2,MAP4K1,MAP4K5,PAK5,PAK4,STK24,STK39,CRBN,PAK1,PAK6,TAOK1,STK10,PAK3,MYO3B,TAOK3
CMGC protein kinase MAPK family		-0.3206222534338737	-3.575309719413982	0.00034981352391882936	0.05013136630717561	0.0024486946674318055	8	MAPK1,RAF1,MAPK4	MAPK6,MAPK3,MAPK9,MAPK11,VHL,MAPK13,MAPK1,MAPK4,NLK,MAPK8,MAPK14,MAPK7,MAPK12,MAPK10,RAF1
AGC protein kinase DMPK family		-0.349924132883178	-3.5592244980719334	0.00037195148734792127	0.05321859344633208	0.002485312210915656	5	CDC42BPG	CIT,ROCK2,CDC42BPA,ROCK1,CDC42BPG,DMPK
Other membrane protein		-0.31229662191893925	-3.5447593805978657	0.0003929716455546295	0.056140713855030104	0.002511601386805675	8	GNAO1,HSP90B1,GYPA,TPBG	RAMP1,GNAO1,CD58,LAT,HSP90B1,NPC1L1,GNAI1,TPBG,RAMP2,GNAS,GYPA,GNAI3
Isomerase		-0.34943538918654937	-3.5243388326605256	0.0004245409906273867	0.06051251078772769	0.0026003135675927436	17	TOP1MT,PPIL1,PPID,TOP2B,PIN1,PDIA2,DHCR7,FKBP2,MPI,PTGDS,PPIC	PPIL1,MPI,TOP1MT,PPIF,PDIA3,TOP2B,FKBP4,FKBP14,PPIB,LSS,FKBP3,P4HB,ECH1,PDIA2,BIRC2,PTGDS,PPIG,PDIA4,PTGES3,SPAST,FKBP1A,GPI,FKBP1B,PPID,KATNA1,TOP1,DHCR7,PPIA,PMM2,PTGES,RYR1,EBP,TOP2A,PPIC,PTGS2,BPGM,FKBP2,PIN1
Frizzled family G protein-coupled receptor		-0.323067632850259	-3.473753335506907	0.0005132326112780028	0.07268740697246961	0.0030178077543146567	5	FZD8,FZD7,SMO,FZD10,FZD9	FZD8,FZD4,FZD9,FZD10,FZD5,SMO,FZD7,FZD1
Ligase		-0.3179123965332905	-3.427180540591819	0.0006098834382293195	0.08577650691099502	0.003448187131527306	17	GART,GCLC,TTL,FARSB,TARS2,IARS1,ACSL1,LIG4,ACSS2,XRCC4,NAPRT,MARS2,ACSL5	GMPS,CTPS2,FPGS,GART,AARS1,UBA1,CPS1,MTHFD1L,NAPRT,LARS1,UBA3,TTL,HLCS,SARS1,ACSF3,FARS2,ACSL5,ACSL4,LARS2,IARS1,ATIC,NEDD4,CARS1,YARS1,ACSL3,SUCLA2,IARS2,TARS1,LIG1,HARS1,ACACB,RARS1,GCLC,ADSS2,CTPS1,TRAF6,TARS2,MARS1,QARS1,FARSB,ACSS2,LIG3,ACSL1,PFAS,LIG4,MARS2,GLUL,VARS1,XRCC4
Atypical protein kinase group		-0.20943748457303496	-3.2435876456629953	0.0011803448980183262	0.15937799741298253	0.00642632222254422	9	PDK3,RIOK2,PIK3CA,MTOR,PDK2,COQ8B,COQ8A	RIOK3,ATM,ATR,PDK4,MTOR,PDK1,PDK2,RIOK1,PRKDC,EEF2K,PDK3,RIOK2,COQ8B,PIK3CA,COQ8A,MLST8
SLC06 neurotransmitter transporter family		-0.2221775306404282	-3.217877107307796	0.0012914313739815775	0.17301035115474156	0.006780014713403282	5	SLC6A13,SLC6A9,SLC1A5,SLC6A4	SLC6A7,SLC6A12,SLC6A4,SLC6A2,SLC6A13,SLC6A11,SLC1A5,SLC6A1,SLC6A3,SLC6A5,SLC6A15,SLC6A9
Chloride channel		-0.23522219293566196	-3.193655365553036	0.001404837198983433	0.18670083579082342	0.007121071318984988	6	GOPC,CLCA2	CFTR,CLCN2,GOPC,CLCA2,ANO1,CLCA1,CLCN3,ANO2
Protein methyltransferase		-0.1463296650139058	-3.15458995346059	0.001607238227957497	0.2105778757478269	0.007875467316991736	16	PRMT8,KMT2A,KMT2E,VHL,SMYD2,SETD2,KMT2C,PRMT6,EHMT1,ASH1L,KMT5A,SETDB1,DOT1L,EZH1,NSD1,EZH2	PRMT5,PRMT7,NSD3,METTL21A,PRMT3,SETMAR,SUV39H2,KMT2E,KMT5B,SUV39H1,PRDM9,PRMT6,PRMT8,VCPKMT,KMT2A,SMYD2,EED,DOT1L,EZH1,SETD7,ASH1L,KMT2C,SETD2,VHL,NSD1,SMYD3,KMT2B,KMT5A,EHMT2,RIOK1,EHMT1,CARM1,NSD2,SETDB1,EZH2,KMT5C,PRMT1
TKL protein kinase group		-0.1667211670225152	-3.121773249145186	0.0017976533788481852	0.2324048637799083	0.008524356344860748	34	TESK2,RAF1,LIMK2,ALK,BMPR1A,ACVR1C,RIPK2,CRBN,ACVR2B,BRAF,TNNI3K,EML4,MAPK1,MAP3K13,ACVRL1,ACVR1B,KSR1,ANKK1,LRRK2,NPM1	TPM3,MAP3K9,ACVR1,TFG,TGFBR1,MAPK1,BMPR1B,RIPK2,LRRK2,RIPK3,ARAF,KIF5B,MAP3K11,NPM1,ACVRL1,LIMK2,ANKK1,LIMK1,BMPR2,RIPK1,IRAK1,ACVR2A,ACVR1B,MAP3K20,KLC1,TESK1,MAP3K10,ILK,MAP3K13,MAP3K7,VHL,CRBN,TESK2,ACVR2B,KSR1,TPM1,TNNI3K,IRAK4,RIPK4,ALK,BRAF,TGFBR2,RAF1,BMPR1A,IRAK3,EML4,ACVR1C
Serine protease S8B subfamily		0.844362315469585	2.7714392975779747	0.00558090769859132	0.5607520658179682	0.025637294740403875	5	FURIN	PCSK4,FURIN,PCSK5,PCSK1,PCSK7,PCSK6
Enzyme		0.3905550244911365	2.6912018272112164	0.007119510904738169	0.6501712070174385	0.03171418493928821	1150	FTO,ABO,ADCY5,TERT,BMP4,IKBKE,PTPN22,AS3MT,MANBA,CHEK2,HIBADH,PHF2,MAT2A,PRKCQ,PRKAG2,VEGFA,CDC42,FADS2,TYR,FUT2,NTMT2,TP53,FES,CDKN1A,EXO1,GCKR,NPEPPS,TET2,LDLR,FURIN,HTRA1,ALDH1A2,FAP,PKN2,AOPEP,LPL,BMP2,ADH1B,CPS1,STAT3,FGFR2,NOS3,GCK,DCTD,USP25,EYA2,TYK2,MAPKAPK5,LIPA,FADS1,NEK10,PTPN1,ERCC4,SLK,IFIH1,IL1RL1,MECOM,CCND1,ALDH2,TRAF3IP2,CYP2A6,NEK6,ATM,PCSK9,PTPN2,FHIT,PHGDH,NOX4,UBE2L3,PDE4B,IL18R1,CASP8,ITPK1,ZAP70,MARK3,PTPRC,MET,TNFAIP3,MTAP,PDE8B,MAP3K1,ADCY7,F2,USP8,IL18RAP,PTPN11,BLK,PDE3A,DDX6,HK1,PSMD13,F11,PRDM16,PTPRJ,CAMK2D,PLG,CEP43,VRK2,DPYD,CYP1B1,ERAP1,HABP2,INSR,ERBB4,TLR1,ADCY3,PLA2G6,MMP12,AKAP13,DCLK3,GRK5,KDR,DSTYK,MAST2,DUSP6,CYP19A1,PRKCE,BMPR1B,DUSP10,FER,LOXL1,PIP4K2A,NT5C2,EPHA3,CTRB2,PRDM1,NSUN6,BMP6,HAO1,CTSS,LYPLAL1,SRPK2,FGFR3,POLD3,PAM,PLCD1,JAK2,GFPT1,DGKD,CYP2D6,CYP24A1,GGCX,POLA1,ALOX15,MAPK3,TNS3,ACE,PCSK1,GMDS,B3GNT2,PDE10A,RAB2A,DCLRE1B,LCT,LIPC,ITPKA,TH,PIK3R1,CTSH,PRDM11,GLB1,PTK2,PROC,DGKB,PSMA4,PPIP5K2,PLCG2,INPP5B,COP1,ATP2A2,HMGCR,HAAO,CDK6,NAT2	CYP21A2,MASP1,MMP19,USP13,CDKL3,CASK,HAL,PARP11,TPO,PPP1R15A,PRKAB2,GGT7,KLK13,GUCY1A2,PAK2,STK26,BRAP,PEPD,TPSAB1,DDX5,QPCTL,NDUFA11,DGKA,CAMKK2,STK39,PIK3C3,CA5A,CYP26A1,GSTZ1,PSMA5,TPK1,SPTLC2,CPN1,BMPR1A,EIF2AK4,INSRR,YOD1,PHKB,TMPRSS2,BCDIN3D,NTHL1,UGT1A1,DCTD,USP5,DPYS,CDK19,MAP3K15,PDK4,AADAT,CCNA2,OTUD7B,SULT1E1,PIPOX,UBE2I,NDUFAB1,SULT1A2,DDR1,GANAB,FLT3,NAGPA,MACROD2,NDUFAF4,USP6,PTK2B,GCNT1,PDE3A,ACVR2B,EGFR,EIF5B,PGA5,CSNK2A1,PLD4,PKLR,JOSD2,PHF2,XRCC5,PRDM2,RHOC,GZMB,POLD4,PNMT,PDIA2,MMP13,MPG,ATP5F1A,RPS6KA1,DTYMK,CA2,ALDH1A2,LIMK2,RAC1,PPM1D,CDA,USP46,ZDHHC2,OGA,LYPLA1,PNPO,NDUFV3,HSD11B2,LPO,CAPN2,STAMBPL1,PRKG1,IDE,SHMT1,CAMK2G,CIT,FPGS,ITPKB,LHPP,AK2,CPS1,SOS1,C1R,CAMK2A,SCD,CARS1,ANKK1,PPOX,SRC,EYA3,MMP25,TXK,CYP4X1,PGGT1B,APEH,KYNU,ENPP1,GGCX,PTP4A3,DUSP14,SQLE,IL1RAP,AGL,PSMD2,ATP6AP1,PDE4B,PTP4A1,GRK5,CDK5,NANP,MOK,ADPRS,ENDOG,KHK,NDUFS2,PLD3,STK17B,UBE2O,STK11,AGBL2,NDUFA3,PTGES3,B3GALT5,PDF,MTAP,HPGD,POLL,ACOT9,MDM2,NAALAD2,PCSK4,AGO2,ALDH5A1,CDC25C,PCSK5,PLA2G15,CS,POLA2,STK17A,ABL2,RNF114,APTX,DHCR24,IRAK3,LDLR,MAN1B1,CAMK1G,KMO,XPNPEP2,OTUD3,ALDH1B1,CTDSP1,SAMHD1,NME1,PIK3C2A,EIF2AK2,CASP12,NDUFA6,PLA2G1B,CPT1A,F2,KAT6B,OGDH,PPIG,MMP8,MERTK,PYGL,MAPK6,MAP3K13,CRBN,MEP1B,PAK1,SULT4A1,MARS1,ADCY8,ADCK1,XPNPEP1,LTF,UBE2C,SCD5,PIN1,PGD,MCM4,FAAH,BRSK1,GPAT3,USP19,PLOD3,PDXK,FUCA1,AS3MT,HSD17B14,IL18RAP,CCND3,HAGH,TRIM58,TPH1,VPS4B,PTPN7,GBP1,DSTYK,MT-ND2,TRHDE,GALNT2,SSU72,DCTPP1,CA12,GSTO1,PARP15,GLO1,TAF1,PAK3,PTPN2,ELOVL2,AGBL4,SOAT1,MME,POR,MPI,CTPS2,TYRO3,UBLCP1,TET3,CERS2,CDK12,HSD3B1,FNTB,ENPEP,PARP16,PADI2,SOD3,ALDH2,QTRT1,NMT1,MAPK7,EPHA5,PLA2G2C,RAD54L,TPI1,HIPK4,PPP1CC,ACOX1,PRDX3,PLOD1,CASP2,BMP2,PTGES,RAC3,TDP1,ACSS2,DHODH,ARHGEF1,PIN4,UGT1A9,GRK2,CCNC,USP3,SIK2,FARS2,CTSL,MGAT2,CAT,CTSD,FMO4,IRGM,ENPP6,TPSB2,IDO1,LGMN,AMD1,PAK5,PAFAH1B2,WNK1,FUT6,SENP5,COP1,HCK,USP10,ATP2A3,PNLIPRP2,CTSG,PDE8B,NDUFB11,UGT2A2,AGTPBP1,EGLN1,MRE11,PARP10,MARK1,PTPN9,ASNS,CYP2D7,RAB1A,TGM3,SLFN12,HSD17B4,MOGAT2,GOT1,OTUB1,PPP3CA,ITSN1,TSSK4,ELANE,DGKH,TDO2,ULK2,UGT2B4,ACADVL,ADAM9,MGST3,PTGIS,PRKDC,RGS8,C1S,ASAH1,QPCT,MACROD1,PNPLA8,CERK,GPT,NDUFV2,SDHA,PTPN13,ZAP70,TIGAR,PSMB2,MECOM,RRM1,TPMT,MMP12,PRKX,METAP1,SPAST,LIMK1,TMPRSS15,FUT4,CERS1,ATXN3L,IL1RL1,POLE,PAM,ADAM12,CAPN9,PADI6,USP39,TGFBR2,CTSF,ENPP3,CYP2A7,PRKAB1,SOD1,PON2,RNF4,CHEK2,MALT1,NEIL1,EPHA4,ELOVL3,NDUFC1,DNASE2,UCHL3,PLA2G12B,DHFR,ACER1,LMTK3,IL4I1,BBOX1,TK1,FURIN,ACACB,CHST4,PTPN3,F12,CYP8B1,DUSP26,PDE7B,ATP1A4,CYP4F11,PKN1,MGAT1,USP17L30,SGK1,MMP15,KL,NSUN2,MAP2K4,MKNK2,PDE6A,DYRK3,PDIA6,PPIP5K1,PFKFB3,NEK3,PRKAG2,HMOX2,GRK4,FUT5,RGS12,PHOSPHO1,PDE12,MAOB,DCLK2,PRKCI,PPP3CB,CBS,QARS1,KSR2,UBA6,PARP8,KLK14,CAMKK1,IKBKE,DGKE,KAT7,ACOX3,MAP4K4,STK38,IL1RL2,NNMT,PHPT1,ACVR1,PIK3CB,STK32B,PNLIP,MOS,TYMP,ZFP91,GUCY1A1,STRADA,LARS2,HIPK3,CYP2S1,PCIF1,PRKCD,ADAM8,NEK2,DDX1,PLA2G4C,LTC4S,HEXA,MAP3K20,DCLRE1B,POLB,CDC42,EIF2AK3,LATS2,PAK6,ADCY10,KSR1,NDUFAF3,LCT,NADK,PRDM12,IGF1R,PLD1,ADH4,DNTT,PGK1,DLAT,ADAM17,DDC,GSTA1,NDUFA8,METTL14,PLD2,MT-ND6,RIN1,BAP1,CYP27B1,MGLL,SNRK,UGT2A1,MT-ND4,RGS19,PLIN5,MTHFD2,NQO2,TOPBP1,CSK,PARL,ALDOC,DYRK2,PLA2G4B,HAAO,CYP4F3,CA6,SEM1,STAMBP,DNPH1,PRIM1,TNNI3K,CES1,P4HTM,AMPD2,FKBP2,ITK,MT-ND4L,SARM1,CHST14,PDE1C,RPS6KC1,TNKS2,UBA1,PDGFRB,AKR1C4,NDUFA2,INPPL1,ALDH3A2,EGLN2,PLK4,PTPRA,ACVR1B,AADAC,COQ7,BACE1,STK24,MOGS,PON3,PIK3R3,DCXR,NUDT5,PIP5K1C,PLA2G2E,CTSC,TOP2A,RUVBL1,IDH3A,DPP7,BPGM,ADA,ADAMTS4,MDH2,CDK11A,USP49,SSH2,MMP14,PDE11A,TIE1,PPIB,PASK,RNPEPL1,NEK4,PPP3R1,HPN,UGT2B10,PTEN,RAB27A,GOT2,CAMK2B,CYP24A1,LOXL4,JAK2,MGAT5,SOD2,PLCG1,BTD,EPHB4,DCK,FASN,DBF4,NTMT1,BMX,DDX17,ABAT,POLA1,PARP1,SRMS,NDUFA4L2,MFN2,DAGLB,PCSK2,EIF4A2,GCKR,MOGAT3,SETD1B,POLG,GANC,FDFT1,CYP2D6,SIK1,SRR,HK2,TNK1,VRK2,NIM1K,PTPRB,DAPK2,CTSV,UBE2F,IP6K3,BHMT,TARS2,SGPL1,CYP4A22,PRKAR2A,MYLK2,CPB1,PSMB1,STK36,NDUFA10,MGAT3,CERS6,PRUNE1,G6PD,CTSZ,IFIH1,CYP4A11,HABP2,CAMK1D,KRAS,ENO1,ERN1,TBXAS1,TREH,RRAS2,AWAT1,PPT2,GRHPR,HADHA,PRKCZ,GALNS,GPI,MAP2K6,TYMS,CDK7,MAP3K7,MAN1A1,CASP9,ALOX5,ATG4B,CTH,PSMA8,HSD17B12,BCAT1,ALDH1A1,LYN,FLT4,POLK,GOPC,MAPK1,ART1,HM13,SHMT2,NDUFS4,DUSP15,GRK3,MAPKAPK3,CYP4Z1,USP17L2,CCNL2,PPP4C,GALNT1,ACVRL1,EYA2,USP51,ENTPD2,RNASEL,FUT10,RALB,GPX1,CYP2C8,PTP4A2,SI,CUL4A,CD38,NUAK1,UGT1A7,CYP26B1,TRAF6,PRTN3,KLK5,ADCY4,UGT1A6,OLA1,EPX,RAF1,PTPA,MMP7,GALE,GK,ATM,PPP2R2A,NDUFAF1,UBA2,PRKAR2B,RPS6KB2,ERCC4,USP17L28,ALDH9A1,CDK14,NDUFS5,CLK4,USP9X,TKT,DGAT1,NSMCE2,NDUFB6,PARP2,DUSP2,IMPDH2,USP15,PTPRZ1,PSMA2,MCM3,CFD,TXNRD1,GAD2,XPNPEP3,IDO2,PTPRO,PI4KB,NTPCR,PPP2CA,PARP6,AGXT,UBA7,SENP2,BHMT2,CEPT1,CDKL2,UBE2E1,NDUFB8,ODC1,ATXN3,UGT1A3,BMPR1B,WNK4,PRDX1,EPHX1,HLCS,GSTP1,CDK11B,DDOST,NUAK2,FGR,RAB6A,ABHD11,CYP2U1,TDG,IARS1,NPM1,CSF1R,CDK3,FUT7,HPRT1,NDUFS3,DHX40,AKR1A1,CTPS1,RECQL,FLAD1,MMP26,TPP2,FUT8,TGM1,MGAM,NAAA,PDE6H,BLM,AWAT2,PKN3,SRD5A2,REN,CDKN1A,RPS6KA5,APOBEC3A,EPHA3,SARS1,PPEF1,BIRC2,FNTA,FDPS,CSNK1G1,DMPK,CAD,HSD17B2,FUCA2,PSENEN,IKBKB,PDPK1,HSD17B1,ACACA,POLRMT,EEF2K,AKR1B10,RPS6KA6,VCPIP1,NMNAT1,ZDHHC20,USP22,ULK3,PSMB6,DDR2,SENP1,TMPRSS6,MAP4K3,MYO3A,ALKBH1,ME1,PDE10A,DNASE1L3,CHKA,COMT,DHX36,NAPRT,MUSK,ANKRD28,ARAF,NRAS,BMP4,MSRB2,NEK1,GSTK1,NME2,PDE5A,MAP4K1,MSRB3,ADH5,F13A1,LOX,MAPK11,MMP2,ANKRD44,ADSS2,GABRB3,NDUFAF2,TPH2,TAT,TPST2,CILK1,MTARC2,PSMB10,EPHB3,OTUD6B,NAMPT,ATP4B,ERCC2,ADH1B,PSMB11,PLIN1,ARSG,LCLAT1,FLT1,FADS2,ME2,DCLK1,PCSK7,PHKA2,PPID,OTUB2,LONP1,NDUFB10,ALPP,PRKAA1,USP17L26,TLL2,LPCAT1,PLA2G2F,STK31,PPP1CB,PRDM11,PSMD14,USP14,MAPK14,ELOVL5,METTL16,POLI,LIG4,CFB,VARS1,PLAU,PIGW,CDC7,PI4KAP2,TGFBR1,AKT2,PIK3R4,PHGDH,TASP1,POLD1,AOC3,AKR1C1,ELOVL6,PPP1R15B,CBR1,POLG2,ALPG,PKN2,DGKZ,KAT6A,CDK9,PTPMT1,ST6GAL1,EPHA2,PGAM1,CPA3,MVD,ABL1,CYB5R3,HTRA2,ALK,MAP3K21,KIF4A,NPR2,SMYD1,ADCY1,PCYT1A,PARG,EPHB2,B4GALT1,NOTUM,TENT4B,CTRL,SENP7,UBA3,FHIT,PCSK9,CYP3A43,DNPEP,VNN1,CDC42BPB,MAPKAPK2,MST1R,TYR,PLAT,CHEK1,MMP11,PI4KA,HNMT,CYP4F12,JMJD7,CYP4F2,ACOT13,UGT2A3,DCUN1D1,DIAPH1,ILK,UGT1A4,TNFAIP3,CDK4,NEK6,FADS1,DDX6,DDX21,PIK3R1,PNKP,MAP3K6,PYGB,METTL3,CLK1,SRM,USP7,AMPD3,GNPAT,XRCC4,NUDT4,GMPS,SIK3,WNK2,CLPP,PSMD1,PIP4K2C,ALPL,CRYZ,CDK8,PSMC4,CDK16,IMPDH1,METAP1D,SHARPIN,ACER2,CHAT,FGFR2,B3GNT3,CA11,CHD1,PPP2CB,ME3,MTHFD2L,PDE8A,NDUFV1,ACAD10,FMO3,MELK,PLA2G6,CMA1,HAO1,AKAP13,MLST8,SDC4,MATK,BRCA1,NOS1,HGFAC,NT5DC2,SMURF2,CSGALNACT1,NIT1,TTL,PANK3,ERN2,ALKBH5,CYP1A2,INMT,UPP1,LVRN,CAPN1,BPHL,HARS1,NAT2,SETD4,CYP46A1,HEXB,RNF168,IRAK4,CYP1A1,ARG1,MAP3K5,CDC25B,LIPF,PFKFB4,ALDOA,KLK2,DHX35,STK4,AKR1C3,CPB2,MTHFD1,TTBK1,MTOR,PFKFB2,IDH1,DUSP1,NTRK3,HIBCH,XIAP,MYLK,GUSB,SGK2,NDUFS6,MCM7,PDE3B,PSMC1,HUNK,WDR48,PPM1G,GFER,NEK7,CYP11B2,TP53RK,MAST4,GSTT1,CELA1,SMPD1,PYGM,NUDT15,NDUFS1,TMTC3,FBP1,ARHGEF12,USP27X,FMO5,DGKD,BRD9,MAPK15,SAT1,PLA2G10,PREPL,ADAMTS5,HYAL1,ASPH,PRDX6,NT5E,MOCS3,TEC,NAPEPLD,PCK2,CCNE1,NAA50,MMP20,STK38L,GSTM4,AXL,BRCC3,TYRP1,HADHB,PTPRCAP,PTPRS,PRP4K,DHX8,TIPARP,USP36,CA5B,TAOK1,PPP4R3B,GZMK,CSNK1G3,AHCY,MAPK12,GGT1,CYP2W1,TK2,RIOK3,ADAM33,GALC,AKR1B1,PLCB3,CKM,STK3,ITPA,ADCY3,PRDX4,PIM1,UCHL1,CA13,ENPP7,ITCH,PSMD7,BACE2,SERPINC1,UROD,USP33,PTS,PTGS1,POLR2A,NUDT1,DDO,PPIC,FAP,PAH,APOBEC3F,PFAS,CMPK1,STK35,FES,GLS,PRPSAP2,PIP4K2A,ERBB3,JAK1,PDIA3,PRKD2,RPS6KA3,UGT2B17,DUSP6,IP6K1,NME4,GSK3A,PEAK1,PSMD6,OXSR1,NAGK,PPAT,PDE2A,MLYCD,MAP3K11,CDC42BPA,COASY,USP35,MAP4K5,NSUN5,CNOT6,GALNT13,ERBB4,MAP3K2,MAPK4,NOX4,PDE7A,CYP11B1,GBA2,PDHB,PLAAT3,RGS16,GSTM3,PIM3,ADAR,ACSL6,PRDX2,MAP3K4,OTUD6A,POLQ,MMP24,CASP10,CCDC6,TOP2B,RAB9A,NLN,AGPAT2,UROS,CHIT1,PAICS,STK16,UNG,USP28,MMP1,UBA5,ALDH18A1,ERAP1,BTK,AKT3,DPYD,AKR1C2,RIOX2,BLK,PEX2,SULT2B1,GSTA2,GSK3B,PFKP,FUT2,PNPLA2,DNM1L,ITPK1,PADI1,SAT2,MAP3K3,RAC2,NDUFC2,DGKI,DGAT2,DUSP22,LIPA,PSMC3,APH1A,SPPL2A,QSOX1,PLOD2,CDKL5,CYP17A1,CYP4B1,ZMPSTE24,USP11,DGKB,NAT1,AOC1,KLK4,HPGDS,GCLC,PIK3CG,F9,PMM2,EBP,CASP8,RIPK4,PLCB1,NDUFA9,TPSD1,NDUFB1,CTSS,PROC,MGST1,AMY2A,MARK2,PRSS3,PLK1,GALNT3,NUDT9,KDR,FKBP5,MAPK13,NT5DC1,KLK11,SPHK1,NT5C2,EIF4A3,MIF,CTSB,YARS1,COQ8A,WNK3,CYLD,PCMT1,KLC1,DOHH,ENPP2,REV1,ATP1B2,PTDSS1,TLK1,FMO1,GSR,DEGS1,UBE2V1,CDK13,HSD17B3,EPHX2,NUDT2,SENP6,PLAAT2,PSMB5,ECHS1,CTRB1,CDC14A,AARS1,CYP2C19,PARP14,PTPRG,PLAAT4,PSMC6,IKBKG,QDPR,LARS1,NDUFB4,HSD17B10,MAP3K1,FRK,TP53,GSTT2,RAD1,OAT,B3GNT4,PIK3C2B,CPM,CLPX,DYRK1A,MET,MAN2B2,PTPN22,TMPRSS11D,HDC,ACP1,GPAT4,PIK3C2G,PLA2G2D,POLD2,TAOK3,SND1,HIBADH,UBE2N,SYNJ1,MAP3K9,PTPN11,PITRM1,ALKBH3,CCNE2,CYP2E1,CDK6,ALKBH2,FKBP3,MCM5,PIK3CD,UBE2B,PIP5K1B,HKDC1,PSMD11,SAE1,MAP2K1,HSD17B13,EPHA1,DDX42,OGG1,PPP5C,PIP5K1A,ATG7,SPTLC1,CHUK,SGMS2,PDE4A,RAB2A,PIM2,LPL,SLC34A2,DAGLA,NT5C3B,AGK,PRKCH,USP17L25,GALNT14,MT-ND5,TYK2,LOXL3,USP45,MINK1,CYP7A1,PLG,ACADM,DDX39A,AOX1,DYRK4,ATP2A1,EPHB1,RNMT,CYP2A6,MAP3K12,PRKACG,SGK3,ACE,ALDH4A1,ROS1,MMP10,RNPEP,PRODH2,BUB1B,CA14,ICMT,XDH,HPSE,MAN2B1,CSNK2B,ECE2,MT-ND1,AGPAT1,MAST2,UBE2D2,HMGCR,AK1,TOP1MT,GPX4,MYLK3,EIF4A1,ATP2A2,ABHD17B,MAN2A1,NPR3,KIF5B,ACSL5,EIF3F,DICER1,MYLK4,CHIA,NT5C,NQO1,DBH,HHAT,TOP1,TERT,DDX59,KIT,OTUD5,DHCR7,TLR1,SRD5A3,SBK1,DUT,PSMB9,DNASE1,INPP5B,ANPEP,HEXD,ABHD6,TPSG1,TH,PYCR1,TST,PPIF,PRKCE,HK3,GLS2,NDUFB9,EXO1,SIAE,EGLN3,IMPA1,PARN,PANK1,PSMB4,ADH7,UBE2D1,DUSP10,UGT2B7,GPAM,TNK2,SRD5A1,CDKL1,RIOK1,SULT1C4,SUPV3L1,PPM1B,RPS6KA4,FAAH2,EML4,TXNRD2,CASP6,SULT1A3,SMPD3,USP17L27,WHR1,MAP2K2,ITPKA,MAPK9,GMDS,UGT1A10,FAM20C,MAP4K2,PRKAR1B,CSNK1G2,KLK6,PPP6R2,PSMC5,CYP2C18,DTX3L,CYP2A13,NAT10,ADH1A,NDUFB3,LIG1,DUSP3,SMURF1,PLA2G12A,PHKG1,DNM2,AK4,PHKA1,GRK6,CBX4,SMOX,ACVR1C,CASP5,CDK20,TPM3,PRDM8,NUDT10,G6PC1,TNKS,KYAT1,ALAD,SRPK3,PDE1A,CNOT7,ADAMTS1,PRKAG1,LCK,B3GALT1,PTGDS,DPP4,COQ8B,AOC2,PADI4,CDK1,FKBP1A,PDE6D,PSKH1,AURKA,HSD17B11,CNOT6L,PRDM14,DAPK3,TEK,NEU3,RPE65,MASP2,CA9,STS,AURKB,GRK7,VRK1,TSSK1B,LRAT,CKB,MANBA,PIK3R2,PRKACB,DPP9,PDE4C,PSMD13,RNASEH1,FKBP14,DCAF1,PTPN4,FKBP4,CPD,PSMA4,BLVRB,GSTM2,NDUFB7,GAA,LYPLA2,RABGGTA,TET2,MAST3,PIK3R5,UBR4,PIP4K2B,PLAAT5,TARS1,VAT1,GRK1,PARP4,HAT1,HTRA1,FARSB,BIRC3,FXN,BCKDHB,TSSK2,PSMD3,STK25,MTARC1,SENP3,STK32A,TGM2,DYRK1B,MAP2K3,GSTA3,SPHK2,UBE2M,THOP1,GPD2,PHLPP2,NDUFA1,GARS1,LOXL1,UMPS,OGT,AFG3L2,P4HA2,EPHA7,BST1,VKORC1,FOLH1,CDC42BPG,CAPNS1,RALA,DPP8,NDUFS7,USP21,NEK9,USP4,NOS2,ADCY5,DDX3X,FAHD1,SCPEP1,GUCY1B2,F7,PCSK1,LRRK2,RRM2B,PDK2,PLCD1,KLKB1,HIPK2,ACLY,RIOK2,CAMK2D,MAK,ENTPD3,PRDM6,ASAH2,F10,PPP6R1,PPP1CA,FYN,PIR,ANG,CCNK,MGST2,ERO1A,RNF5,PTPRR,KDM8,ARG2,AMDHD2,CA3,PRDM13,MTREX,NPEPL1,PSMB3,BIRC7,MARK4,SNRNP200,CHD4,LNPEP,ACP3,BMPR2,USP17L29,MAP3K19,PTPRJ,PLK3,SQOR,EPRS1,CSNK1E,PPT1,PDGFRA,LDHB,DPP3,GYS1,ADCK5,PNCK,GUK1,CYP4F8,UGT1A8,PSMD4,TRAF3IP2,MAP3K14,FEN1,USP30,COPS5,NAA40,LSS,CYP2F1,TGM6,SRPK1,NEK5,DHRS9,CSNK1A1,POLR3A,PHKG2,MAP2K7,JMJD6,IRAK1,ADCY7,PARK7,RNASE2,GZMA,MMP9,LIPE,DGKK,PLA2G7,CCND1,CD74,RARS1,MUS81,GNE,PINK1,PCSK6,KLK12,TPM1,GAK,GAMT,RCE1,INSR,CDK10,WEE2,KLK7,NDUFA7,UGT1A5,ACOT2,PLA2G5,PTPN5,NT5M,NUDT14,PARP3,ATP5F1B,NPEPPS,ROR2,PTPRU,CERS4,CAMK4,CPA4,ATIC,CASP1,SMS,NTRK1,PRKCQ,KATNA1,DERA,LTA4H,PRKCG,TAFAZZIN,USP47,USP18,PBK,CDK15,FECH,F11,CES2,GSTM1,SCP2,MAP3K8,POLH,ADCY2,GFPT1,TLR2,WRN,GLA,C2,UBE2G2,SENP8,TTK,CYP2C9,UGT2B11,RAB7A,NEU1,PDK1,RRM2,UPB1,ALOX12,ALOX15B,USP8,PI4K2B,MAP2K5,DHX30,CDK18,PRSS2,LATS1,CTSE,IARS2,ACAT1,ROCK2,IDH2,B3GNT6,GLB1,POLN,HASPIN,PIKFYVE,CCNY,NOS3,P4HA1,SORD,HSD3B2,TFG,NCEH1,ELOVL1,MT-ND3,PSMB8,RIPK3,PDE6B,CDC25A,ALOX15,ACSF3,TXN2,RNF31,KYAT3,DAPK1,PRKACA,TNIK,UBE2L3,CASP3,BCKDK,UGT2B28,UGT2B15,BUB1,CAMK1,PPIA,NEU4,ARHGEF11,GALNT6,MCM6,MAGI3,PPIP5K2,BRAF,GUCY2C,RPS6KA2,PRMT9,KLK1,PML,HMBS,FTO,HSD17B7,DDAH1,ECE1,ENGASE,ATP1A2,ELOVL7,ACAD11,CHKB,CBLB,CYP2J2,ADCY6,MMP16,FMO2,USP2,APEX1,DCD,CTRC,CASP14,CTRB2,ACAT2,ALDH3B2,DUSP23,UBE2K,MAPK8,CEL,LDHA,PRSS8,RABGGTB,TENT4A,CCNT2,HK1,PFKM,PSMB7,CTSK,TLL1,CPOX,TM7SF2,CYP2B6,PGAM5,AAK1,USP17L24,ACSL4,GALK1,NEDD4,SLK,BCHE,PRKAG3,DUS2,NDUFB2,PRSS1,PRDM1,OARD1,PNPLA6,POMGNT1,TLK2,ANKRD52,PDE6C,ABO,PRPS1,FGFR1,BRSK2,YES1,NAGLU,PTPRE,UCK2,ERCC3,GCK,NDUFA12,USP24,HMOX1,PSMA1,PAPSS2,NPR1,BCAT2,IL18R1,PLA2G4A,GMPR2,NOX3,DHPS,SYNJ2,UCK1,PRDX5,ULK1,PPP6R3,MAT2A,SULT1B1,SULT1A1,ESPL1,MARK3,STK33,RHOA,TRIO,GBA1,PPM1A,GAPDH,IPMK,EIF2AK1,DHX15,TET1,AMPD1,CYP19A1,PPIL1,XRCC6,MAPKAPK5,UCHL5,PRKAR1A,FER,PADI3,HSD11B1,PCK1,FGFR4,CCNA1,ATP6V1A,RIPK1,ADCY9,SULT1C2,UBE2H,EPHB6,FUT3,CYP3A5,PAK4,DIO3,VHL,DGAT2L6,ERAP2,CYP3A7,NDUFB5,SETD1A,PAOX,BMP10,CSNK1D,MKNK1,RNASE1,TMPRSS4,CYP3A4,NUDT11,DAO,ALDH3A1,AIFM1,ARHGAP35,GSTA4,DHX29,DPEP1,NAA60,MTHFD1L,PPP6C,GZMM,PDK3,PFKFB1,NAA10,ADI1,PRKD1,SPPL2B,APRT,DGKG,MCM2,ACE2,PTPN12,SDHB,AMY1A,POLD3,USP1,METAP2,ADK,RAB10,MAT1A,INPP5D,EPHA6,PTPN18,HUWE1,ALPI,KDM5D,PRSS12,ADH1C,CYP51A1,CDKL4,STAT1,GART,PFKL,CDK17,CPA1,ACHE,UQCR10,NEU2,PRKCB,JOSD1,PRKD3,ATG4A,CASP7,HINT1,MAOA,LIPG,OTUD1,KLK3,TXN,GGH,AKT1,SGMS1,NMT2,PRDM7,WEE1,MGMT,NLK,CA7,PTGR1,PIK3CA,CTSA,MMP17,SMG1,NEK11,CPA2,SMPD2,UBE2T,UGCG,SPOP,PLA2G3,PRKG2,UGT8,PDIA4,MAPK10,HAO2,ALDH1A3,PNP,TNS3,BMP2K,CSNK1A1L,PAFAH1B3,FGFR3,MAP3K10,DUSP5,PRCP,GGPS1,DIO1,APOBEC3B,PPP2R5A,GAD1,DUOX1,DGUOK,TDP2,BCR,DHX32,TRMT112,ACOT1,PTPN6,PDE4D,GNMT,PTGES2,LAP3,NME2P1,GYS2,TBK1,POLR1A,LIPC,ST3GAL1,TSSK6,CRABP2,ATP6V1B1,CLK3,FKBP1B,RET,PGK2,CLK2,AGPS,NUDT3,ST14,ELOVL4,IP6K2,AASDHPPT,BLMH,NTMT2,ACSL1,PON1,RBBP9,PANK2,PARP12,USP12,CEP43,OGFOD1,SPR,CDK2,PTPN1,GALNT10,CASP4,PKMYT1,SRPK2,CBR3,FN3KRP,ECH1,P4HB,RIPK2,TXNRD3,OPA1,ALDH3B1,MDH1,SYK,SOAT2,ABHD16A,ENTPD5,PYCR2,NCSTN,MAST1,USP20,TESK2,HOGA1,TRDMT1,LYPLAL1,STK32C,PTGS2,ROCK1,STUB1,CPT2,CA4,PLK2,AURKC,NEK10,BMP1,DPAGT1,RAB11A,TTBK2,CGAS,PI4K2A,IDUA,BDH2,NTRK2,ACSL3,NSUN6,ACVR2A,TSSK3,TESK1,CYP11A1,MASTL,GBA3,CTSH,DCPS,RPS6KB1,HPD,RAP1A,LIG3,ADAM10,STK10,MARS2,STAT3,DCLK3,MBOAT4,ERBB2,OTC,TAB1,PLA2G2A,PPME1,PDE9A,GSTO2,JAK3,HIPK1,MPO,CNOT4,MGAM2,PTK6,PTPRC,PTPRM,PRKAA2,AHCYL1,EPHA8,ADHFE1,PLCG2,PTK2,ENTPD8,INPP5A,PTPN14,PGC,ARSA,LTK,MAPK3,GSTM5,PORCN,SBK3,DIO2,PLA2G4E,SULT2A1,PREP,CSNK2A2,NEK8,ACR,GLUL,LARGE1,MYO3B,MEST,PRMT5,MTR,USP25,BMP6,GUCY1B1,ESD,KARS1,MEP1A,ARSB,CYP1B1,SUCLA2,CERS5,STEAP1,PDE1B,DNA2,SC5D,NGLY1,PKM,RYR1,FA2H,HIF1AN,MMEL1,AOPEP,GCDH,PRDM16,VEGFA,PARP9,ST3GAL3,MMP3,B3GNT2,NDUFA13,ATR,ATP6V1B2,CYP27A1,FUT9,ACMSD,ADH6,KLK8,ABHD12,UBE2D3,PRDM10,CDK5R1,DUSP4,MCF2,GDA,LCAT,CSNK2A3,PSEN1,POLM,MAPDA,LOXL2,USP16,TAOK2,PDE6G,PRKCA,NDUFA5,ENTPD1,RAB29,PLA2G4D,CA1,BAZ1B,ADAMTS13,RUVBL2,NDUFA4,APOBEC3G,MBTPS1,NAGA,CCNO,MAP1LC3B,CYP2R1,CCNT1,NDUFS8,ENTPD4
Transcription factor		0.7015543350711851	2.493288560818617	0.01265659403050079	0.846244798070243	0.05472115654363577	122	SMAD3,TCF7L2,ESR1,AHR,ESR2,MYC,TGFB1,BACH2,REL,FOXO1,TBL1XR1,ERG,TP53,RORC,OSR1,NR3C2,NR5A2,NR2F1,RORA,NCOR2,LEF1,STAT4,TBX5,CTNNB1,SOX9,MITF,TCF7,STAT3,PPARG,PPARD,RARB,HNF4G,KLF5,BCL6,PAX8,STAT6,NFKB1	ELK1,FLI1,ZBTB33,NCOR2,MYB,STAT1,LRRFIP1,FOS,E2F7,SRF,RELB,THRA,TFDP1,POU5F1,NR4A1,LEF1,HIVEP2,NR2F6,SIX1,NR2F2,E2F5,KLF1,MAFK,GTF2A1,ESRRB,NFKB1,OSR1,NR3C1,TP53,HES1,MDM2,SMAD2,RARA,ESRRA,ELK3,TFE3,NR1H2,EPAS1,TAF11,NR2F1,AR,BACH2,NR4A2,RARG,STAT3,E2F6,FOXO3,E2F3,E2F1,NKRF,FUBP1,TAB1,SMAD3,RARB,RELA,SOX18,RXRB,NR1H4,RXRA,YBX3,MAX,NR2E3,ZBTB16,REL,NR2E1,POU2F1,CREBBP,ERG,TEAD2,ESR2,NR2C1,CREB1,PAX3,ARNT,CRBN,PAX8,PPARA,NCOA2,GATA2,MED23,NR1I2,NANOG,ELF3,TGFB1,HNF4G,POU3F2,CBFB,AEBP2,NR0B1,NR1D1,DDIT3,RXRG,THRB,NFE2L2,HIF1A,IRF3,NFE2,MYT1,TCF7,STAT6,TEAD3,VDR,CTNNB1,DAPK1,YBX1,ESR1,BACH1,GLI1,RORA,NR2C2,RORB,PPARG,JUND,NR1D2,SREBF2,ESRRG,LMO2,NR6A1,TBX5,MITF,ZNF131,E2F4,PPARD,FOXO1,SP1,RBPJ,NR4A3,SOX9,NR5A2,HSF1,STAT5B,RORC,EGR1,TEAD1,SOX17,E2F8,POU3F3,KLF5,STAT2,CDH1,POU2F2,HIVEP1,ATF1,STAT4,E2F2,NR0B2,NR5A1,GATA4,NR1I3,MYCN,TEAD4,GLI2,TCF7L2,MYC,STAT5A,AHR,BCL6,TFDP2,PGR,JUN,NR3C2,TBL1XR1,NR1H3,ETV6
Metallo protease MG clan		0.7445609992693883	2.364032446521819	0.0180772292786735	0.9315509040801023	0.0754080238261648	5	ERAP1	RNPEPL1,XPNPEP1,ERAP1,METAP1,PEPD,NPEPPS,XPNPEP2,METAP2
Serine protease SB clan		0.8643099976192522	2.3561135608543355	0.018467271141101582	0.9354340598653369	0.0754080238261648	8	FURIN,LDLR,PCSK9	PCSK4,FURIN,TPP2,PCSK5,PCSK1,PCSK7,MBTPS1,LDLR,PCSK6,PCSK9
Tyrosine protein phosphatase		0.7594908245737481	2.267858296541543	0.02333784487359125	0.9689243054546955	0.09272062693021389	18	PTPN22,PTPRC,PTPN11,PTPN2	PTPRR,PTP4A1,PTPN1,PTPN13,PTPN11,PTPN5,PTPN9,PTPN4,PTPRG,PTPRC,PTPRM,PTPRU,PTPN7,PTPN14,PTPRA,PTPRJ,PTPN12,PTP4A2,PTPRB,PTPN3,CRBN,PTPRCAP,PTPRS,PTPN22,PTP4A3,ACP1,PTPN6,PTPN18,PTPN2
Secreted protein		0.6873919293357402	2.225530188618897	0.026045666846415294	0.9793379534319173	0.10075560595850126	105	INS,SMAD3,PDGFB,TNFSF11,IL33,TSLP,TGFB1,VEGFA,IL12B,F5,IL13,IL10,IL6,FGA,IL12A,IGFBP5,IL6R,IL4R,IGFBP3,HBB,ADM,MUC5AC,CD40,TGFB2,NGF,CFH,FASLG,C3,APOB,IGF1,FGF7,WNT2,FGG,PTHLH,IL2,TNFSF4,MDK,MST1,IL21	IGFBP2,CCL11,DEFA1B,TNFSF4,HBB,PDGFA,IL9,PTHLH,FLT1,C3,IFNA21,CXCL10,FGF23,IL6,IL12A,FGF22,IGFBP5,VEGFC,SERPINA6,CCL17,F8,IGF1,TNFSF13B,IL2,WNT3A,CXCL8,TAC3,IL22,HBEGF,TNFSF10,SPP1,IL4R,IFNA4,SERPINA7,HAMP,CCK,C5,IL18,IL17A,PRLH,KITLG,SERPINE1,FGF2,SMAD3,APOB,PF4,IL23A,TGFB3,VIP,CSF1,FGF1,IFNA1,CCL22,TF,WNT3,ANGPT1,DEFA1,AFP,HBA2,GHRL,IFNA5,AREG,FGB,IGFBP1,F10,ADM,IFNA8,THPO,IL1B,IGFBP4,NRP1,GC,IGFBP3,CSN3,NPS,INHBA,IL33,VEGFB,IFNA2,TGFB2,IL4,IL6R,TGFB1,IGHE,IL5,CCL7,TNFSF11,AGT,IFNA16,TNFSF12,IGF2,IFNG,IL13,TNFSF14,MDK,PTN,CFH,TTR,ORM1,PDGFB,WNT2,IGFBP6,F5,ADM2,IL17F,APCS,MST1,EPO,CALCA,IL21,GCG,ANGPTL8,FGG,VEGFA,MUC5AC,CSF2,FGA,MSTN,IL10,IFNA17,CD40,CGA,FASLG,IFNA6,TSLP,IL15,LTA,ALB,CALCB,NPPA,DKK1,SHBG,FGF7,CXCL12,NGF,GDF15,IFNA14,CD40LG,EGF,IAPP,IFNA13,ITGB2,IL20,TNFSF13,IL12B,FGF4,SERPINC1,PGF,IL1A,IFNA10,CXCL2,RBP4,INS,TNFRSF8,TNF,IFNA7,HBA1,LRP6
Nuclear hormone receptor subfamily 1		0.7270189952781373	2.082904250919959	0.037259952071321045	0.9962344486595354	0.14009919952454442	15	RORA,RORC,PPARG,PPARD,RARB,NCOA2,RORB	PPARD,RARA,RARB,RORA,RORC,RORB,PPARG,NR1H2,NR1D1,RXRB,NR1H4,NR1I3,THRA,THRB,RXRG,RXRA,NR1D2,PPARA,NCOA2,RARG,VDR,NR1H3
Small molecule receptor (family C GPCR)		0.6739540744213189	2.054797825776118	0.0398985363128459	0.997484534462956	0.14009919952454442	5	GRM3	GRM2,GABBR2,GRM7,GABBR1,GRM1,GRM4,GRM8,GRM3,GRM5
Neurotransmitter receptor (family C GPCR)		0.6739540744213189	2.054797825776118	0.0398985363128459	0.997484534462956	0.14009919952454442	5	GRM3	GRM2,GABBR2,GRM7,GABBR1,GRM1,GRM4,GRM8,GRM3,GRM5
Unclassified protein		0.40940922506777583	2.0534563115249598	0.040028342721298404	0.997534037886109	0.14009919952454442	535	TACC3,TCF7L2,PEX14,NCF1,GIGYF2,MYC,FERMT2,CDC42,TCF4,ATXN2,MYH9,NTMT2,TRIB1,CAV1,BCL2L11,SORT1,MSI2,PHLDB1,WT1,CXADR,MCF2L,HDAC7,GRB10,ADAM15,HSPA4,RSPO3,KCNMA1,BCL3,KCTD16,ETV1,FGFR2,GNA12,LRP1,ZBTB10,MAPT,CTBP2,SUFU,SOST,SMC2,APAF1,FLT3,PRRX1,ZBTB40,CDK12,DAB2IP,MYNN,IKZF1,GSAP,KCNT2,CDK2AP1,RUNX1,CAPZB,IKZF2,PSMG1,WASF3,HSPG2,ILF3,TANK,TOMM40,IGF2BP1,PTPN11,CD55,PPARGC1A,JAG1,STIM1,SLC25A21,PRDM16,TGFA,MLX,IRS1,NOD2,FOXO1,FERMT1,MLN,FAF1,BDNF,PHB1,HDAC9,TXNL1,TAB2,KIF18A,NCOR2,PIEZO1,MYL2,HNF4A,TRIB2,CTNNB1,ZNF827,BAG3,BCL6,NRBF2,FGFR3,BAK1,MDM4,APOL1,CDKN2A,CD28,GNAS,GJA1,KPNA2,MEIS1,KLB,RBM17,PTCH1,PTK2,MUC1,RPA1,TNC,MORF4L1,HMGCR,STAT6,ANGPTL3,PSCA	OSBP2,MYL2,CD28,DNAJA2,PCBP2,CTTN,FAM91A1,RPS27A,PAK2,LIN28A,M6PR,NUP155,TMX1,AHSG,WDFY4,DOCK5,PSMA5,LAMB1,TARDBP,HLA-DQA1,CUL5,TMEM263,BIRC8,KLB,FPR3,CDK19,TBXT,EGFL7,PSME3,SSB,HNRNPA2B1,KDM1A,RPL7,DDR1,PAX2,FLT3,TAP2,PER2,SERPING1,ARHGDIA,YTHDF2,EIF6,MFGE8,BTK,SALL4,IL36G,SLC25A1,PEF1,SHH,CSRP2,LRRC59,FAS,BCL3,ADCYAP1R1,TMIGD3,KCTD11,FERMT2,XBP1,LRP2,PLA2R1,HSPA4,RHOC,RPS11,RGS4,POLD4,FLNA,RPS20,HNF4A,AIMP2,CA2,RPS23,GSPT1,RPL36,CXXC4,BTN3A1,MYL3,CTCF,HPGDS,TPX2,ID1,ARFGAP1,TIMP3,EEF1G,IPO5,TGFA,SAP130,ARF5,CRK,COPS7B,DNER,ADGRG1,PSAP,FAF1,CTBP2,AKT1S1,SOS1,ASAP1,WIZ,FXR1,BCL9L,MAD2L2,DVL1,HSPA1L,PSCA,GPC3,NDC80,BRF1,DAP3,RPS17,CD274,TEX264,MYL7,FAM3C,IGF2BP1,CRY1,UBXN11,TJP1,TCF7L2,MYC,CDK13,PCTP,DLL3,PSD,ESRP1,TSNAX,CYCS,F13B,AMOT,MARCKS,RPS27,RBM17,MCL1,TREM1,STK11,MMADHC,TFRC,MB,VSIR,ANTXR2,BCL2L11,TNC,SDCBP,RPL38,GEMIN4,NLRC4,AKAP12,ETV1,FOXC2,LSM8,CNOT3,CIB1,RPS29,GLOD4,CLEC7A,PLA2G2D,HDAC9,IRAK3,PCBP3,EREG,UBE2N,STIP1,PTPN11,SYNCRIP,OSMR,AP2A1,RAPGEF4,SAR1A,BANF1,APOC3,PSMD11,PKP4,SAE1,MAP2K1,MYL12B,CRBN,PAK1,NECTIN1,HSP90AA1,CSDE1,JAM2,SDC2,KCTD8,RPS2,TNNI3,C9,CBFB,RPL10,MRPS7,HSPG2,RGS17,FBXO11,DNAJA1,IKZF1,PSMA7,TNFRSF13C,STARD3,RPL8,MYH10,HSPA1A,GABARAPL1,MRPS23,MDN1,SSR4,SRCIN1,CACNA1B,IMMT,SRPRA,ROS1,BCL7B,MLN,RPS4Y1,FXR2,MLF2,NLRP1,CISD1,H3C15,TOMM40,TES,FOXO1,AHNAK,HMGCR,KPNA3,KCNMA1,PFDN2,RPLP1,CDK12,EEF1D,HMGB2,RPL32,CCAR2,RPL39,NCOA4,MAGEA3,CDC20,MAPK7,PARVG,SMG7,ZCWPW1,SORT1,MYD88,RPL18,VIPR1,PMP2,RPS3,YIF1A,TNNC2,RPL23,CIP2A,ORAI2,JPT2,ARHGEF1,HNRNPM,EEF1A2,CUL4B,PDCD6,ATXN2,HSPA4L,MAPKAP1,NCBP1,FOXM1,APAF1,MSN,LSM12,PLEKHA7,PSMG2,CRYGD,IFNB1,RPL3,SLC6A8,BMI1,RAB22A,PSMB4,PELP1,SF3B1,SRSF1,PCLAF,THBS1,CXXC5,TNNI2,MBL2,CDK2AP1,MISP,RGMA,WASF3,C5AR1,EML4,KLRK1,DCUN1D3,S100A4,ANP32A,REEP5,RPS5,MPEG1,YWHAH,LY75,MLX,TAB3,ZBTB10,SMARCD2,KHSRP,TUFM,ITSN1,EHD1,GPRIN1,EPN1,EDF1,ACTR3,ALYREF,SFRP1,HMMR,DCUN1D5,MDM4,BCL2A1,DVL3,ENG,SRPRB,MOB1B,NDRG1,TIAM1,RPN1,CD55,ARRB1,ERCC1,BCL6B,CLUH,ATF2,GJA1,HSPA5,UVRAG,MBNL1,MAGEA4,NCBP2,NBN,FAM120A,NLRP3,RPS8,SKP2,TPM3,ANP32B,RPL10A,LCP1,CX3CL1,ARL2,TACSTD2,KIF18A,SLC6A14,FAU,DYNC1I2,PSMG3,MAP1LC3C,RPL27A,BRD4,SRSF6,PDE6D,CCNDBP1,HTT,LY6E,CRKL,SKP1,ARPC1B,CNOT11,AIP,EWSR1,PSMA3,TUBA4B,RPL12,EPM2A,RPL18A,NIPSNAP1,IKZF2,AXIN2,SEC23A,RBX1,RPS9,PHF6,RPL15,HLA-DRB4,ATP7A,SNCAIP,ARMC10,STAT5B,MAFG,BCL9,TXNDC5,RPL21,EFNB2,USO1,ZNRD2,SLC25A21,YTHDC1,RCOR3,DKK1,SLC17A5,NCF1,VPS35,BID,GMNN,CDK2AP2,ZBTB17,CRY2,AGRN,SIRT2,CRYAB,TFPI,ATRIP,TCF4,YTHDF1,CUL1,LILRA4,BIRC3,CIAPIN1,MYNN,PRXL2A,CACYBP,MNAT1,KAT2B,VDAC3,ANXA2P2,CALML3,NAE1,RB1,ARF6,MYOF,GATD3,UBE2M,SPRR3,LRP1,LZIC,GCN1,HMGB1,GPA33,DPYSL2,OXT,ATP6V1C1,NCL,PLAA,RAET1L,TERF2,ISG15,SHPRH,CTAG1B,DOCK2,PABPC4,CD72,HSF4,TNNT3,HPS6,HNRNPU,PHLDB1,STRADA,SHC1,VAV1,AZI2,TIGIT,EED,MCF2L,CD5,POLE2,CDC42,SEPTIN5,AXIN1,CAB39,MYH2,RBM3,H2BC18,RAD51,GSDMD,METTL5,ADAM15,TP53BP2,HGF,LAMTOR3,RPS7,TRIB1,IRS1,SEC22B,NAP1L4,ZBTB8OS,RPS10,MSI2,HAX1,COPS8,TSG101,RAMP3,LENG8,RAPSN,GSPT2,HPCAL1,RPLP0,CT83,PHB2,CFL1,CTNNB1,SIRT3,FCGRT,CD99,SEC16A,ZBTB24,AHSA1,CD3G,LANCL2,PDGFRA,PHF19,CLDN18,GJB1,CISD2,TIMM50,SFTPD,AIM2,EFNA2,BIRC5,ARPC5,THRAP3,IGSF11,LMNB2,CSNK1A1,RAN,LRRC15,OLR1,CALM2,LY6K,ARHGEF4,PLEK,RPS4X,SUZ12,YWHAZ,GNG2,LINGO1,WTAP,HYOU1,TAF1A,OGFR,TAP1,TPM1,SMC1A,GAK,CAPZB,RPS25,MSH6,TTPA,LTV1,LRP6,CLEC4M,ESYT1,LIN28B,SFN,PIEZO1,CDK11A,RPL22,EIF3I,ZBTB11,FEM1B,MICA,DLL4,SUMO1,PTEN,CNKSR1,IL1RN,FERMT1,ICOSLG,CDC6,CD79B,NTRK1,DNMBP,GNAI2,SOST,TNKS1BP1,RHOQ,TAB2,EPHB4,NTMT1,ILF2,TXNDC11,BRK1,CUL2,EZR,GTPBP4,TEX30,SNX3,RBBP4,ZBTB40,FSCN1,MUC1,AP1B1,FNIP1,SF3A3,HSPA2,FABP6,PMPCA,PRAP1,FRS2,PEBP1,YWHAQ,FOSB,SDC1,CRH,SPSB2,B2M,ARF1,MLKL,CNOT2,NIFK,CNOT1,IRAK2,CYTH3,TNNC1,CHCHD6,TXNL1,NABP2,PSME1,RPL17,CUL3,RPA1,CERT1,TGFBI,EFNA1,RIC8A,NEDD8,ATP5F1C,KCNMB4,KRAS,CCT5,BET1,UBA52,ARPC2,STARD10,CD200,XPOT,YIF1B,BRD3,POLE3,EEF1A1,MAP3K7,NR2C2,MYL4,PSMA8,NOD1,MORF4L1,BRAF,RPL19,MRPL19,SERPINF1,PDCD1LG2,NHERF1,EPCAM,RAPGEF3,TANK,OAZ1,PPARGC1A,GOPC,VSIG8,YWHAG,BBC3,SERF2,DNAJB6,HNRNPD,SH2D1A,CHM,CCNL2,DCUN1D2,ZNF827,GPATCH8,MYH9,CORO1A,CFLAR,CASP14,SI,RPL36A,WDR91,CUL4A,GSN,CD36,CXXC1,RPL9,EIF5A,EEF1B2,GSAP,HSP90AB2P,PEX14,CALM1,SOS2,CAPRIN1,SIN3A,DLG4,ZBTB2,AURKAIP1,KAT2A,KIF21A,SF3B2,UBA2,FCGR2B,KLRC1,TBC1D15,CD1D,INHA,MCOLN2,PSMD10,OXR1,PARP2,SRP19,NAA16,GFRAL,PSMA2,SLC23A1,MON2,WDR20,CDC37,RACGAP1,ALCAM,ACTR2,PIGR,CNOT9,FGFR1,HNRNPH2,CSRP1,VDAC1,PRLR,ZBTB48,SUFU,CST3,STING1,CRIPTO,UBAP2L,ZMYND11,GPR157,ALDH16A1,ZBTB21,CDK11B,TRIP13,PTCH1,CREBBP,PSMA1,RPSA,SERPINA3,XAGE1A,MICOS10,BCOR,VASP,CHTF18,STRADB,RPL24,GID4,RBM39,CNKSR2,CD2AP,EIF2B3,NTN1,GEMIN7,CUL9,LRP5,PABPC1,RHOA,CAPZA1,WT1,H3C13,KPNA2,MUC16,PSMD12,XAGE1B,UBC,NLRP4,ZBTB9,MTCH2,RHOB,PSMA6,PMEL,BIN3,BAG3,CRYBB2,BIRC2,CRYGC,CD3D,DCAF15,MED25,NOD2,RIPK1,GPR107,LEPR,RPS19,RPL26,TBKBP1,EIF2A,CDKN1B,PHB1,ELAVL3,PCBP1,VHL,MAGI1,IL17C,NOXO1,FBXL19,RPL13A,KCNT1,GORASP2,ZNF280D,MRC1,IGLV6-57,DPY30,PSMB6,TRAPPC5,SLC24A4,CRHBP,TRIB2,MYH14,RPTOR,LRPPRC,PSMD8,APOL1,MAGED1,KEAP1,RPL27,SLC24A2,RHEB,AIMP1,RSPO3,RICTOR,CDKN2A,SUPT16H,IL17RE,RPL23A,CRYAA,MAP4K1,DVL2,ACE2,SPNS2,GNAS,MYH7,TM4SF5,KCNT2,STAT5A,SRP54,RUNX1,SV2A,STIM1,ZBTB43,L1CAM,FLOT1,GNAQ,SIGLEC8,CIAO2B,CAV1,NIPSNAP3A,JAG1,NCOR2,STAT1,NRP2,PITPNM1,LARP7,KIR3DL2,PSMG1,RPS6,PDCD4,BECN1,ZBTB32,RFC5,MEIS1,LGR4,WEE1,ORAI3,CKAP4,S100A9,DCUN1D4,MAPK14,LAMP2,BRD2,BCL7A,LIG4,RPL14,CYC1,GP1BA,IL10RB,RHD,COPB1,MYH6,PI4KAP2,MRPL12,CLGN,DOCK1,AKT2,TPM4,SPOP,SREBF1,FGFR3,HSPA14,SUMO3,XNDC1N,MR1,NCS1,CDK9,CREBRF,SLC7A3,PGRMC1,NMRAL1,ICOS,ZBTB7A,RTN4,GABARAPL2,ATAD5,CTNS,ABL1,SLC9B2,ALK,BCR,TRMT112,BAK1,CTNNBIP1,UBB,ANGPT2,HDAC7,TBK1,NRBF2,SET,GPNMB,MYOC,MLC1,CSNK1G2-AS1,PRIM2,ERVW-1,SCAP,PI4KA,ORAI1,YAP1,FGF14,CXADR,YWHAE,RPS21,GNA11,RET,DCUN1D1,DIAPH1,GAB1,CRACR2A,DYNLT1,MEN1,NTMT2,CIAO2A,METTL3,CCT8,SIRT1,TAF6,FFAR1,ANXA2,HSPA9,CDK2,CENPE,SH2D2A,HNRNPF,CYB5B,RIPK2,LAG3,CDH1,OSBP,CDK8,EPS15,KPNB1,FZR1,SNUPN,HAVCR2,BRD7,LARP6,NHERF2,FGFR2,ZBTB14,UTRN,HEXIM1,TERF2IP,RPS12,MSLN,BCL6,CD248,GRB10,RPS16,MLST8,GNB1,ELAVL1,ADRM1,ILF3,ZBTB1,INSIG1,PMP22,GCLM,YTHDF3,HDLBP,CTAG1A,CDC42SE1,CNOT10,IQGAP1,DDB1,DAB2IP,PSMC2,ECPAS,DEPTOR,SRSF9,CHCHD3,C5AR2,KCTD12,AFG2A,TAB1,NSD3,RPS24,ARL8B,PTK2,RPL37,BCL2L10,EBPL,RABL3,RPL6,ITIH2,FIBCD1,GNA12,BCAP31,DAG1,TACC3,SDF4,ORM2,H3C14,ZBTB44,RPL41,ARHGEF12,ERBIN,BRD9,GIGYF2,MAP1LC3A,HSPE1,CLTA,CKS1B,TMED10,MYH7B,MAPT,CYTH2,MYO15A,LTB,CCNE1,SUMO2,STAT6,SLC26A6,MAVS,COG3,ELOB,BDNF,STARD7,RPL11,ANGPTL3,RPS3A,NET1,SMC2,XPO1,CFTR,SERPINA2,PRRX1,YWHAB,PRDM16,LIMD1,RASGRF1,ZNF692,GJB2,SEMA4D,TSPOAP1,ERLIN2,IKZF3,SCN8A,SQSTM1,SEPTIN9,SLTM,ELOC,ARFGEF2,MSH2,CNN2,ZC3HAV1,DSP,DLK1,GAS6,ROR1,SNCA,KCTD16,RBCK1,ETFB,PAN3,TXNDC17,MAP1LC3B,PSME2,VRK3,SPINT1,GRB7,GLMN,A2M,APOA1
Nuclear hormone receptor subfamily 3		0.7279194720432056	2.0214730572053967	0.04323081866252565	0.998491118524635	0.1450600169869685	6	ESR2,NR3C1,NR3C2	ESR2,ESRRA,ESRRB,ESRRG,PGR,NR3C1,NR3C2,AR
Nuclear receptor		0.7050435507715823	2.019653661483778	0.04341932481242594	0.9985341968720479	0.1450600169869685	32	RORA,RORC,PPARG,PPARD,NR3C2,ESR1,NR5A2,RARB,ESR2,HNF4G	PPARD,NR4A3,TAB1,HNF4G,NR5A2,RARB,RORC,NR0B1,NR1D1,RXRB,THRA,NR1H4,RXRG,THRB,RXRA,NR4A1,NR2F6,NR2E3,NR2E1,NR2F2,ESRRB,NR3C1,VDR,NR0B2,ESR1,ESR2,NR2C1,RARA,NR5A1,ESRRA,RORA,NR2C2,RORB,PPARG,NR1H2,NR1I3,NR2F1,AR,NR1D2,PPARA,NR4A2,ESRRG,NCOA2,RARG,PGR,NR6A1,NR3C2,NR1H3
Nicotinic acetylcholine receptor beta subunit		0.7161547777715155	1.880578953806559	0.06002921689809515	0.9998883624888548	0.18775095497914865	10	CHRNA3,CHRNA5	CHRNA1,CHRNB2,CHRND,CHRNE,CHRNA5,CHRNB4,CHRNA2,CHRNB1,CHRNB3,CHRNA4,CHRNA9,CHRNG,CHRNA3
Nicotinic acetylcholine receptor alpha subunit		0.7161547777715155	1.880578953806559	0.06002921689809515	0.9998883624888548	0.18775095497914865	10	CHRNA3,CHRNA5	CHRNA1,CHRNB2,CHRND,CHRNE,CHRNA5,CHRNA2,CHRNB4,CHRNA7,CHRNB1,CHRNB3,CHRNA4,CHRNA9,CHRNA10,CHRNA3
Nicotinic acetylcholine receptor		0.7161547777715155	1.880578953806559	0.06002921689809515	0.9998883624888548	0.18775095497914865	10	CHRNA3,CHRNA5	CHRNA1,CHRNB2,CHRND,CHRNE,CHRNA5,CHRNB4,CHRNA2,CHRNA7,CHRNB1,CHRNB3,CHRNA4,CHRNA9,CHRNG,CHRNA10,CHRNA3
STE protein kinase STE11 family		0.6241671940526939	1.8243110458128056	0.06810506144760242	0.9999685991010442	0.20857175068328243	5		MAP3K6,MAP3K4,MAP3K8,MAP3K1,MAP3K5,MAP3K15,MAP3K2,MAP3K3
Cysteine protease C14 family		0.6176596441337836	1.7933381262868102	0.07291887456290191	0.9999853341351504	0.21875662368870574	5		CASP5,CASP8,CASP14,CASP4,CASP10,CASP9,CASP1,CASP2,CASP12,CASP6,CASP7
Cysteine protease C1A family		0.6710221755663149	1.7767668540711135	0.07560660752710913	0.9999904290647684	0.22087524863298114	6	CTSS	CTSK,CTSL,CTSH,CTSS,CTSB,CTSV,CTSF,CTSC
Phosphodiesterase 4		0.7274377095621489	1.7705822949376286	0.07663018830123836	0.9999918675059738	0.22087524863298114	7	PDE4B,PDE3A	PDE4A,PDE4C,PDE9A,PDE1C,PDE4D,PDE3A,PDE8B,PDE4B
Phosphodiesterase 1		0.6098871310114012	1.7560729628255412	0.07907595101428178	0.9999944931823207	0.22354163075191194	5		PDE6A,PDE3A,PDE1B,PDE1A,PDE5A,PDE8A
CAMK protein kinase CAMK1 family		0.6410928885900933	1.705471526174118	0.08810651835922956	0.999998706446596	0.244370909411448	17	PRKAG2,CHEK2	SIK3,BRSK1,NIM1K,CHEK2,MARK1,MARK3,NUAK1,PRKAA1,CAMK1,CAMK1D,PASK,MARK4,PRKAG2,PRKAB2,STK11,SIK2,PRKAA2,NUAK2,STRADA,CHEK1,CAMK4,SIK1,MELK,BRSK2,MARK2,CAMK1G
Histone acetyltransferase		0.6451300420446804	1.6819426670623443	0.09257995796679741	0.9999993721874658	0.25202321890961515	12	PPARG,EP300	NCOA1,NCOR1,CREBBP,KAT8,VHL,KAT2B,PPARG,NCOA3,CRBN,CTNNB1,KAT5,EP300
SLC22 family of organic cation and anion transporters		0.6789924938932491	1.6645839948994885	0.09599578067539727	0.9999996393738199	0.2538802776139901	9	SLC22A1,SLC22A5,SLC22A4,SLC22A3	SLC22A6,SLC22A9,SLC22A16,SLC22A11,SLC22A4,SLC22A1,SLC22A3,SLC22A7,SLC22A5,SLC22A8,SLC22A2
TK protein kinase group		0.6186479888715359	1.6609858120698573	0.09671629623390099	0.9999996792595403	0.2538802776139901	60	FGFR3,CEP43,STAT3,ZAP70,FGFR2,JAK2,BLK,INSR,FER,MET,VEGFA,ERBB4,KDR,PTK2,TYK2	MATK,ERBB3,STAT1,JAK1,TIE1,RIN1,ZAP70,EPHA3,ROR2,FER,BIRC2,LCK,TEC,FLT1,MST1R,FGFR4,FRK,NTRK2,NTRK1,EPHB1,JAK2,RET,AXL,EPHB6,CSK,VHL,TEK,EPHA7,ERBB4,MET,EPHB4,TNK2,ROS1,BMX,PDGFRA,HCK,ABL2,AURKB,FGFR1,LYN,SRMS,STAT3,VEGFA,YES1,DDR2,ERBB2,ITK,INSRR,KDR,CEP43,TYRO3,FLT4,GOPC,CCDC6,JAK3,PDGFRB,MUSK,EPHA4,PTK6,FGR,NTRK3,XIAP,EPHA8,SYK,PTK2,EPHA5,DDR1,TNK1,CSF1R,FLT3,SRC,MERTK,FGFR2,FGFR3,TXK,PTK2B,LTK,EPHA1,KIT,EPHA2,BTK,CRBN,FYN,EGFR,ABL1,SLC34A2,EPHA6,EPHB3,BLK,IGF1R,INSR,SDC4,TYK2,EPHB2
Adhesion		0.6143951885349338	1.5633737643453363	0.11796470732594555	0.9999999903074839	0.304224771524807	28	NCAM1,TCF7L2	ITGB1,ICAM1,NECTIN4,CD47,CEACAM5,MADCAM1,SELPLG,PXN,SIGLEC9,ITGA10,VCL,CDH1,GP6,CTNNA1,SELL,ITGB3,MCAM,CTNNB1,PCDH15,SIGLEC10,CDH2,NCAM1,CD6,ITGA2,SELP,ICAM3,SIGLEC15,CCN2,VCAM1,ZYX,VTN,MAG,TCF7L2,SIGLEC14,CD22,SIGLEC7,PKP1,CDH3,VWF,ITGAL,SELE,ITGA11
HDAC class IIa		0.6217774236093774	1.5541396970878294	0.12015109793803802	0.9999999932703857	0.30452088615330325	6	HDAC9	HDAC6,HDAC7,HDAC11,HDAC8,VHL,HDAC10,HDAC4,CRBN,HDAC9
Metallo protease M1 family		0.6495147688410432	1.5336032136340694	0.12512729724812632	0.9999999970765523	0.31175784229617914	9	NPEPPS,ERAP1	XPNPEP3,ERAP1,NPEPL1,ENPEP,NPEPPS,RNPEP,METAP2,ERAP2,ANPEP,DNPEP,LNPEP,XPNPEP1,METAP1D,AOPEP
Receptor tyrosine-protein phosphatase		0.6014993019370449	1.4592050768587317	0.14450867190944372	0.9999999998914337	0.3540462461781371	6		PTPRR,PTPRE,PTPRM,PTPRJ,PTPRU,PTPRB,PTPRCAP,PTPRS,PTPRG
Structural protein		0.5820352952696026	1.3657686584553201	0.17201158654541726	0.9999999999991096	0.4145197249537104	37	COL4A1,COL4A2,COL27A1,LAMC1,COL4A3,LAMA5,COL11A1	KRT86,LAMA5,COL11A1,COL3A1,KRT85,COL1A2,COL5A2,COL6A5,LAMA4,TUBB2A,COL24A1,LAMB4,ELN,LAMB3,LAMA1,COL4A2,COL1A1,COL11A2,TUBA4A,TUBA3E,COL6A1,COL4A4,CLTC,TUBA8,COL5A3,TUBB4A,COL28A1,LAMB1,DNM1,COL18A1,TUBB4B,LAMB2,TUBA3C,TUBB3,COL4A5,KRT83,COL6A6,TUBB,COL4A3,LAMA2,FLNB,LAMC3,COL4A6,PLEC,COL6A2,TUBA1A,LAMC2,LMNA,COL5A1,COL15A1,KRT81,COL2A1,TUBB2B,TUBB6,TUBB8,TUBA1C,VIM,TUBB8B,COL6A3,CRBN,LAMA3,TUBAL3,LAMC1,TUBB1,COL27A1,TUBA1B,COL4A1
Miscellaneous ion channel		0.5789115600857984	1.3510196842946813	0.17668912723349717	0.9999999999996129	0.4189242210213562	6		BAD,APH1B,STIM1,BCL2L1,ORAI2,BAX,PSEN1,PSEN2,BCL2,ORAI1,ORAI3,MS4A1
Cytochrome P450 family 2		0.6216869251391252	1.3159418380869605	0.1881935648177291	0.999999999999951	0.43911831790803457	7	CYP2A6	CYP2A6,CYP2C8,CYP2C19,CYP2C9,CYP2E1,CYP2B6,CYP3A7,CYP2F1,CYP2D6,CYP2U1,CYP2S1,CYP2W1,CYP3A4,CYP2C18,CYP2A13
Other protein kinase NEK family		0.6170780547674923	1.2950400437914398	0.19530641601728638	0.9999999999999866	0.44859442428970464	7	NEK6	NEK4,NEK5,NEK1,NEK7,NEK10,NEK6,NEK9,NEK8,NEK2,NEK3
Other cytosolic protein		0.5537638650285789	1.278633995486922	0.20102597277191814	0.9999999999999953	0.452161243922269	65	RASGRP1,CDKN1A,NFATC1,CCND1,RPS26,COG6,NFKBIA,MAPT,NFKB1,CCND2	PSMB5,COG6,MAP2,CCNC,RASGRP3,MCL1,KIF15,KIF11,RASGRP1,PLIN1,NFKB1,SNAP25,RPL13,RPS27A,KIF2C,HSPB1,AKT1,GRB2,CDC37,NISCH,RPL31,HSPA1B,BCL2L1,RPL35,CHN2,KIF20B,KIF6,RPL4,STIP1,PEX16,KIF5C,CCNH,CCNE2,RPS13,RELA,CDK19,CDK6,CCNA2,MTOR,HSP90AB1,KIF14,HSPA2,BAD,COG1,XIAP,CANX,RPL28,HSPD1,RPS15,EEF2,KIF3B,KIF5A,TRAP1,HSPA8,CDK3,HSPH1,ACTB,CDK9,RPL35A,CRBN,LGALS3,STMN1,HSP90AA1,KIF9,SERPINH1,CCNB3,RPS15A,ALK,BCR,RPL37A,LGALS1,TNNC1,RPL30,CCNB2,TNNT2,KIF1B,BCL2L2-PABPN1,NFKBIE,CDKN1A,MAPT,LGALS7B,HSPA6,KIF3A,KIF27,LGALS4,CCND3,FGD1,BIRC2,LGALS7,KIF20A,COG7,MAP1B,CCNE1,CCNA1,HSPA1A,KIF22,CDK1,S100B,KIF7,RPS18,RPS14,CDK4,VHL,COG4,KIF3C,APC,MTTP,PLIN3,RPL5,HSF2,NCK1,KIF24,RPL29,CCNB1,NFATC1,ABHD5,HRAS,CDK2,HSF1,KEAP1,ALOX5AP,COG8,KIFC1,LGALS8,CDK8,KIF5B,RICTOR,RPL34,KATNB1,LGALS9,NFKBIA,CCND2,KIFC3,KIF23,KIF1A,CCND1,NFKB2,SHC2,RPS28,CCNT1,RPS26,RPLP2,LGALS2,BCL2L2
Calcium-activated potassium channel		0.5616118862373203	1.2663198191616698	0.2053986041119611	0.9999999999999979	0.452161243922269	6	KCNU1,KCNMA1,KCNN3	KCNN3,KCNN4,KCNN1,KCNMA1,KCNN2,KCNU1,KCNMB4
Nuclear hormone receptor subfamily 2		0.5915243248747618	1.2643983144529876	0.20608709757001376	0.9999999999999981	0.452161243922269	9	RARB,HNF4G	TAB1,HNF4G,RARA,RARB,NR2C2,RXRB,RXRG,RXRA,NR2F1,NR2F6,NR2E3,NR2E1,NR2F2,RARG,VDR
Metallo protease MAM clan		0.5396321349314083	1.1999060805169108	0.23017581820672217	1.0	0.4975859599468847	19	BMP2,MMP12,BMP4,MMP24,BMP6,BMP1	ADAM17,MMP19,BMP6,ADAM33,MMP24,MMP14,ADAMTS5,MMP16,BMP1,ADAMTS1,MMP13,BMP4,MMP12,MMP11,MMP20,MMP8,ADAM8,MMP1,MMP9,MMP25,ADAMTS13,MMP2,ADAM9,MMP10,BMP2,ADAM12,MMP26,BMP10,ADAM10,MMP17,MMP15,ADAMTS4,MMP7
Cysteine protease CD clan		0.5457794288970288	1.1873227356625846	0.2351003434583907	1.0	0.5008659491070062	6		CASP5,CASP8,CASP14,LGMN,CASP4,CASP10,CASP9,CASP1,CASP2,CASP12,CASP6,CASP7
Serine protease		0.5409707037578184	1.130639727129846	0.25820675938056503	1.0	0.5422341946991865	46	LDLR,PLG,PCSK1,FURIN,F11,F2,PCSK9	CTRB1,HGFAC,CTRL,GZMB,PCSK9,PLG,HPN,DPP4,PLAT,KLK3,KLK13,TMPRSS15,TPSAB1,PCSK7,PCSK4,PRSS1,CFD,KLK4,PCSK5,ST14,F9,TMPRSS11D,DPP8,F11,GZMK,TPSD1,KLK14,TMPRSS4,CTSA,CFB,PROC,KLK1,CTSG,PRSS3,LDLR,PLAU,KLK2,TMPRSS2,PCSK2,TMPRSS6,DPP9,SCPEP1,F7,KLK11,PCSK1,KLK8,EPHX1,C1R,F2,KLKB1,PRSS2,KLK6,CTRC,ELANE,GZMA,FURIN,F10,SERPINC1,CTRB2,APEH,F12,PRCP,MBTPS1,PCSK6,KLK12,PRTN3,PREP,CELA1,KLK5,C1S,FAP,TPP2,DPP7,PRSS8,EPHX2,ACR,CMA1,TPSG1
Tyrosine protein kinase Src family		0.5266538944357767	1.0899018662337634	0.2757563744505491	1.0	0.5631769091897725	6		HCK,FGR,LCK,LYN,SRMS,BLK,FRK,YES1,FYN,SRC
CMGC protein kinase CDC2 subfamily		0.564549896561349	1.089708089737036	0.27584175143988854	1.0	0.5631769091897725	8	CCND1	CDK8,CDK2,CDK7,CCNE2,CCNE1,CCND1,CCNA1,CDK6,CRBN,CDK1,CCNA2,CDK15
Protein Phosphatase		0.5290862204485921	1.0594820240008818	0.28938031164110134	1.0	0.5827247371402999	47	PTPRJ,PTPN22,PTPN11,PTPRC,PTPN2	PTP4A1,PPP2R2A,PTPN13,SSH2,PTPN5,PTPRG,DUSP6,PPP1R15A,PPP3R1,CDC25A,PTPRU,DUSP22,PTPN7,DUSP2,AKT1,PHLPP2,PTPRJ,PPM1D,CDC25C,DUSP10,SSU72,PTPRCAP,PTPRS,PTPN22,PPP3CB,PPP1CB,PPM1B,ACP1,PPP4R3B,ANKRD52,PPP2CA,CDC25B,PTPN2,PTPRE,CTDSP1,UBLCP1,PTPN1,PTPN11,PTPN9,PTPN4,PTPRC,ANKRD28,DUSP15,PTPRM,DUSP1,DUSP4,PPP3CA,PPP1R15B,PPP6R2,PTPN14,PPP1CC,PTPRA,PPP6R3,PTPN12,PPM1G,PTPRB,PTP4A2,PPP2CB,DUSP5,DUSP3,PTPN3,ANKRD44,PPP5C,PPP6R1,CRBN,DUSP26,PPP1CA,PPP2R5A,PPM1A,PTP4A3,DUSP23,DUSP14,PTPN6,PTPA,PTPN18
Serine/threonine/tyrosine protein phosphatase		0.5295723919124516	0.9573387793668092	0.3383962879155715	1.0	0.6677582695119957	9	DUSP10,DUSP6	DUSP5,DUSP10,DUSP3,DUSP26,DUSP6,DUSP23,DUSP14,DUSP15,CDC25A,DUSP1,DUSP4,DUSP22,CDC25B,DUSP2
P-type ATPase		0.4572097011789305	0.9527968815304239	0.3406929946489774	1.0	0.6677582695119957	5		ATP4A,FXYD2,ATP2A1,ATP1B1,ATP1A3,ATP12A
CAMK protein kinase group		0.5098766666468464	0.930288311004135	0.3522218282826961	1.0	0.6812711678625832	45	CAMK2D,TP53,CHEK2,MARK3,PRKAG2,MAPKAPK5	BRSK1,TSSK2,MAPKAPK5,PRKD2,RPS6KA5,CAMK1D,PASK,PRKD3,MARK4,PRKAG2,PRKAB2,STK17B,STK11,SIK2,SNRK,MAPKAPK2,TSSK6,RPS6KA1,CHEK1,CAMK4,CAMK2B,DCLK1,TP53,DAPK1,GBP1,TSSK3,DAPK3,PRKCG,DCLK2,PRKAA1,CAMK1,STK17A,RPS6KA4,MKNK1,RPS6KA6,DCLK3,RPS6KA2,PIM3,BRSK2,MARK2,CAMK1G,TSSK1B,PRKAB1,CAMK2G,SIK3,CHEK2,MYLK3,MARK1,CAMK2A,PRKAA2,NUAK2,MAPKAPK3,MYLK,STRADA,SIK1,MYLK4,PIM1,CAMK2D,PRKCD,PHKG2,PRKD1,HUNK,NIM1K,DAPK2,NUAK1,MARK3,STK33,PHKG1,MYLK2,PIM2,MELK
Metallo protease MAE clan		0.49186541620575264	0.9050733620431806	0.36542652314301005	1.0	0.688427009121513	15	NPEPPS,AOPEP,ERAP1	ECE1,ZMPSTE24,ACE2,LTA4H,ACE,XPNPEP3,ERAP1,NPEPL1,MUS81,ENPEP,NPEPPS,RNPEP,METAP2,ERAP2,ANPEP,DNPEP,LNPEP,DPP3,XPNPEP1,METAP1D,AOPEP,ECE2
SET domain		0.5338245953128726	0.8987894122144275	0.36876484072902116	1.0	0.688427009121513	7	VHL,SMYD2,ASH1L,KMT5A,SETD2,NSD1	ASH1L,NSD3,SETD2,VHL,SETMAR,NSD2,NSD1,SETDB1,SMYD3,SMYD2,KMT5A
Lipid-like ligand receptor (family A GPCR)		0.49095205766954775	0.8965277285782945	0.3699709776911533	1.0	0.688427009121513	14		S1PR5,LPAR6,LPAR4,GPBAR1,GPR119,CNR1,GPER1,PTGFR,PTGDR,S1PR2,PTGER2,PTGER4,PTGDR2,S1PR3,LPAR2,LTB4R,S1PR1,CYSLTR2,CYSLTR1,FFAR2,GPR55,OPRM1,GNA15,FFAR3,FFAR4,CNR2,GPR31,PTGER3,LPAR5,PTGER1,PTGIR,PTAFR,S1PR4,OXER1,LPAR3,FFAR1,GPR17,LPAR1,LTB4R2
Cytochrome P450		0.4852637612623135	0.8672128101367093	0.3858254186723169	1.0	0.7089542068103822	23	CYP19A1,CYP26A1,CYP1B1,CYP7A1,CYP2D6,CYP2A6,CYP24A1	CYP19A1,CYP21A2,CYP4A11,CYP51A1,CYP27A1,CYP2C19,CYP2C9,CYP2E1,CYP2B6,CYP7A1,CYP27B1,TBXAS1,CYP2F1,CYP1B1,CYP2D6,CYP2U1,CYP2S1,CYP1A2,CYP24A1,CYP4F12,CYP4F2,CYP2C18,CYP2A13,CYP17A1,CYP2A6,CYP11A1,CYP4X1,CYP3A5,CYP2C8,CYP11B2,CYP11B1,CYP26B1,PTGIS,CYP3A7,CYP26A1,CYP1A1,CYP2W1,CYP3A4,CYP4F8
Auxiliary transport protein		0.48062401595937204	0.8442742033693383	0.39851619783355186	1.0	0.7232330997720016	16	CACNA1C,GRIA1,KCNMA1,KCNQ1	CACNA2D3,KCNMA1,KCNQ1,CACNA1E,CACNB3,KCNE1,FABP3,CRABP1,CACNA2D2,BIRC2,CACNA1A,CACNG6,CRABP2,CACNB4,FABP5,SCN2B,GRIA1,SCN1B,FABP2,CACNA1I,CACNA1C,FABP7,CACNA1B,CACNG7,KCNAB1,FABP1,KCNMB1,CACNA1F,CACNA2D4,CACNG1,CACNA1G,FABP9,FABP4,SCN9A,CACNA2D1,CACNB1
Cysteine protease CA clan		0.4719097470279833	0.7852967490464551	0.4322796014463961	1.0	0.7678563816147145	13	CTSH,CTSS	CTSK,USP13,USP5,UCHL5,USP2,USP8,USP9X,USP17L2,UCHL3,CTSL,CTSB,UCHL1,USP28,CAPN1,WDR48,CTSH,USP20,USP47,USP18,CTSV,CAPNS1,USP1,CTSC,USP10,USP14,USP4,CAPN2,CTSS,USP7,CTSF
Other nuclear protein		0.46755370221576614	0.7831286603697255	0.43355156240830817	1.0	0.7678563816147145	19	TP53	H4C3,SF3B2,PCNA,XPA,CDK6,EIF2S1,ASF1A,EIF4G1,EIF4EBP1,H4C13,H4C15,TARBP2,H4C2,H4C14,IK,HNRNPA1,POT1,RAD52,EIF4E,WDR5,NPM1,H4C11,TP53,H4C9,ERCC5,H4C8,DCLRE1A,H4C5,MDM2,H4C4,HNRNPH1,PCLAF,SF3B3,HNRNPC,EIF4H,H4C16,CRBN,TARBP1,H4C1,H4C12,CDC45,RSL1D1,H4C6,FANCF,SAP130,ALK,INCENP,PTBP1,RBBP4,EZH2,FANCD2,RBBP7
Protein Kinase		0.39624631356897555	0.7732100994998002	0.4393980500377461	1.0	0.7689465875660557	274	SRPK2,FGFR3,CAMK2D,CEP43,NEK10,MAPKAPK5,CHEK2,JAK2,PRKCQ,INSR,PRKAG2,VEGFA,ERBB4,SLK,TP53,DCLK3,CDKN1A,CCND1,GRK5,KDR,NEK6,ATM,MAST2,PRKCE,BMPR1B,ZAP70,MARK3,MET,FER,PKN2,MAP3K1,EPHA3,PTK2,STAT3,FGFR2,BLK,CDK6,TYK2	WEE2,CDK11A,ERBB3,CDKL3,JAK1,PRKD2,RPS6KA3,TIE1,PASK,PRKAB2,ROR2,GSK3A,NEK4,OXSR1,CAMK4,MAP3K11,PAK2,CAMK2B,CDC42BPA,STK26,NTRK1,JAK2,PRKCQ,MAP4K5,PRKCG,CAMKK2,ERBB4,STK39,EPHB4,MAP3K2,MAPK4,PBK,DBF4,CDK15,BMX,SRMS,MAP3K8,PIM3,BMPR1A,EIF2AK4,INSRR,MAP3K4,TTK,CCDC6,CDK19,MAP3K15,PDK4,CCNA2,PDK1,CDK18,MAP2K5,SIK1,STK16,DDR1,LATS1,TNK1,FLT3,PTK2B,NIM1K,ROCK2,DAPK2,BTK,AKT3,ACVR2B,EGFR,MYLK2,HASPIN,BLK,STK36,CSNK2A1,CCNY,GSK3B,TFG,CAMK1D,MAP3K3,RIPK3,RPS6KA1,PRKCZ,LIMK2,DAPK1,PRKACA,TNIK,MAP2K6,CDKL5,CDK7,MAP3K7,BUB1,CAMK1,RIPK4,BRAF,LYN,RPS6KA2,PRKG1,MARK2,PLK1,KDR,CAMK2G,CIT,FLT4,GOPC,MAPK13,MAPK1,CAMK2A,GRK3,MAPKAPK3,CCNL2,ACVRL1,ANKK1,COQ8A,WNK3,SRC,KLC1,TXK,NUAK1,TLK1,MAPK8,CDK13,CCNT2,RAF1,GRK5,ATM,CDK5,RPS6KB2,IKBKG,CDK14,CLK4,AAK1,STK17B,STK11,MAP3K1,SLK,FRK,TP53,MDM2,DYRK1A,MET,STK17A,ABL2,TLK2,FGFR1,BRSK2,YES1,IRAK3,CAMK1G,TAOK3,CDKL2,MAP3K9,CCNE2,CDK6,EIF2AK2,BMPR1B,WNK4,FGR,CDK11B,NUAK2,NPM1,CSF1R,MERTK,CDK3,ULK1,MAP2K1,MAPK6,MAP3K13,EPHA1,MARK3,STK33,CRBN,PAK1,CHUK,SLC34A2,EIF2AK1,PIM2,PRKCH,TYK2,BRSK1,PKN3,MAPKAPK5,CDKN1A,MINK1,RPS6KA5,EPHA3,FER,CCND3,BIRC2,FGFR4,CSNK1G1,CCNA1,DYRK4,RIPK1,GBP1,DMPK,EPHB1,MAP3K12,PRKACG,IKBKB,EPHB6,SGK3,PAK4,VHL,PDPK1,ROS1,CSNK1D,EEF2K,MKNK1,RPS6KA6,ULK3,DDR2,PAK3,MAST2,TYRO3,MAP4K3,MYO3A,MYLK3,CDK12,MUSK,ARAF,KIF5B,PDK3,NEK1,MAPK7,EPHA5,MYLK4,HIPK4,PRKD1,MAP4K1,MAPK11,KIT,SBK1,CILK1,EPHA6,EPHB3,GRK2,STAT1,CCNC,PRKCE,CDK17,PRKCB,PRKD3,SIK2,FLT1,DCLK1,AKT1,PAK5,WNK1,WEE1,PRKAA1,TNK2,CDKL1,NLK,HCK,STK31,RIOK1,RPS6KA4,MAPK14,PIK3CA,EML4,SMG1,NEK11,CDC7,MAP2K2,MAPK9,TGFBR1,MARK1,AKT2,MAP4K2,PRKG2,CSNK1G2,MAPK10,BMP2K,PKN2,CSNK1A1L,ULK2,FGFR3,MAP3K10,CDK9,EPHA2,PHKG1,PRKDC,ABL1,GRK6,ALK,ACVR1C,EPHB2,CDK20,TPM3,TBK1,ZAP70,SRPK3,LCK,CDC42BPB,MAPKAPK2,MST1R,TSSK6,CHEK1,PRKX,COQ8B,CLK3,CDK1,LIMK1,AURKA,RET,ILK,DAPK3,CDK4,CLK2,NEK6,TEK,MAP3K6,AURKB,CLK1,GRK7,VRK1,TGFBR2,TSSK1B,PRKAB1,PRKACB,CEP43,CDK2,WNK2,SIK3,CHEK2,PKMYT1,SRPK2,RIPK2,EPHA4,CDK8,MAST3,CDK16,SYK,FGFR2,GRK1,MAST1,TESK2,PKN1,MELK,STK32C,SGK1,ROCK1,MLST8,SDC4,MAP2K4,MATK,MKNK2,PLK2,TSSK2,STK25,AURKC,NEK10,DYRK3,STK32A,NEK3,PRKAG2,DYRK1B,TTBK2,MAP2K3,GRK4,NTRK2,ACVR2A,TSSK3,TESK1,EPHA7,DCLK2,PRKCI,CDC42BPG,RPS6KB1,IRAK4,STK10,DCLK3,STAT3,CAMKK1,IKBKE,MAP3K5,NEK9,ERBB2,MAP4K4,STK4,STK38,TAB1,ACVR1,JAK3,STK32B,HIPK1,MOS,TTBK1,MTOR,LRRK2,PDK2,PTK6,HIPK2,PRKAA2,NTRK3,MYLK,XIAP,EPHA8,STRADA,SGK2,HIPK3,PTK2,RIOK2,CAMK2D,MAK,PRKCD,NEK2,MAP3K20,HUNK,LTK,MAPK3,NEK7,SBK3,EIF2AK3,PPP1CA,MAST4,LATS2,PAK6,FYN,KSR1,CSNK2A2,CCNK,IGF1R,NEK8,MYO3B,MAPK15,PRMT5,RIN1,MARK4,TEC,SNRK,CCNE1,STK38L,BMPR2,MAP3K19,AXL,PLK3,CSK,CSNK1E,DYRK2,PRP4K,PDGFRA,TAOK1,TNNI3K,CSNK1G3,MAPK12,VEGFA,ITK,RIOK3,ATR,MAP3K14,RPS6KC1,PDGFRB,STK3,SRPK1,NEK5,PIM1,CSNK1A1,CSNK2A3,PHKG2,MAP2K7,IRAK1,PLK4,TAOK2,ACVR1B,PRKCA,STK24,CCND1,PINK1,TPM1,GAK,INSR,CDK10,STK35
Oxidoreductase		0.47326170279319973	0.7456227474046911	0.45589533768832746	1.0	0.7884307604727546	125	FTO,ADH1B,DPYD,NOS3,ALDH2,PHGDH,LOXL1,ALDH1A2,HMGCR,HAO1,TET2,FADS2,TYR	MDH2,KDM5D,ADH1C,PYCR1,NDUFA7,ADH1B,TPO,NDUFB9,MAOA,FADS2,ME2,TXN,CAT,FMO4,EGLN3,LOXL4,ADH7,NDUFA11,IDO1,NDUFB10,SOD2,NOX4,SRD5A1,PDHB,PTGR1,NDUFA4L2,TXNRD2,NDUFB11,PRDX2,EGLN1,CYP2C9,CYP2D7,RRM2,PHGDH,ALOX15B,PIPOX,HSD17B4,AOC3,AKR1C1,CYP2D6,NDUFAB1,HAO2,ALDH1A3,CBR1,TDO2,NDUFAF4,ADH1A,ACADVL,NDUFB3,ALDH18A1,IDH2,DIO1,DUOX1,DPYD,CYP4A22,CYB5R3,AKR1C2,RIOX2,NDUFA10,SMOX,G6PD,NDUFV2,NOS3,CYP4A11,SDHA,P4HA1,SORD,HSD3B2,PHF2,MT-ND3,CYP3A43,RRM1,ALOX15,NDUFC2,TXN2,TYR,GRHPR,HADHA,AOC2,ALDH1A2,JMJD7,CYP4F2,QSOX1,PLOD2,CYP4B1,HSD17B11,AOC1,ALOX5,PNPO,NDUFV3,EBP,HSD17B12,HSD11B2,LPO,ALDH1A1,NDUFA9,NDUFB1,FTO,HSD17B7,OGFOD1,SPR,ACAD11,CYP2J2,CBR3,FMO2,BLVRB,TXNRD3,NDUFB7,NDUFS4,ALDH3B1,TET2,CRYZ,MDH1,NDUFC1,CYP4Z1,IMPDH1,DHFR,PPOX,IL4I1,BBOX1,DOHH,PYCR2,CYP2C8,GPX1,VAT1,ME3,CYP8B1,MTHFD2L,CYP4F11,ALDH3B2,FMO1,FXN,SQLE,GSR,NDUFV1,DEGS1,ACAD10,FMO3,BCKDHB,LDHA,HSD17B3,EPX,PTGS2,HAO1,NDUFAF1,CPOX,NOS1,MTARC1,TM7SF2,NDUFS2,ALDH9A1,CYP2B6,NDUFS5,QDPR,NDUFB4,NDUFA3,HMOX2,NDUFB6,HSD17B10,ALKBH5,HPGD,BDH2,IMPDH2,GPD2,DUS2,NDUFA1,NDUFB2,LOXL1,TXNRD1,MAOB,CYP46A1,ALDH5A1,P4HA2,IDO2,VKORC1,HPD,NDUFS7,DHCR24,NOS2,ACOX3,KMO,HIBADH,ALDH1B1,AKR1C3,ALKBH3,NDUFB8,ALKBH2,MPO,NDUFA6,PRDX1,NDUFA12,RRM2B,HMOX1,IDH1,OGDH,ADHFE1,GMPR2,NOX3,PRDX5,NDUFS6,NDUFS3,HSD17B13,AKR1A1,DIO2,CRBN,NDUFAF3,PIR,GAPDH,TET1,NDUFS1,SCD5,ERO1A,FMO5,MT-ND5,PGD,ADH4,LOXL3,KDM8,SRD5A2,NDUFA8,MT-ND6,ASPH,PLOD3,HSD17B14,PRDX6,ACADM,HSD11B1,TPH1,AOX1,MT-ND4,MTHFD2,HSD17B2,NQO2,MT-ND2,SQOR,TYRP1,DIO3,STEAP1,HAAO,ALDH4A1,CYP4F3,SC5D,HSD17B1,PRODH2,LDHB,CYP3A7,NDUFB5,PAOX,FA2H,AKR1B10,HIF1AN,P4HTM,XDH,GCDH,CYP4F8,MT-ND4L,DAO,MT-ND1,ALDH3A1,AIFM1,POR,HMGCR,NDUFA13,AKR1B1,ALKBH1,GPX4,TET3,ADH6,AKR1C4,MSRB2,ALDH2,NDUFA2,DHRS9,PRDX4,ALDH3A2,NQO1,ADI1,JMJD6,LOXL2,EGLN2,DBH,NDUFA5,MSRB3,ADH5,ACOX1,COQ7,LOX,PRDX3,SDHB,NDUFA4,PLOD1,DCXR,PTGS1,DDO,SRD5A3,DHCR7,GABRB3,PTGES,NDUFAF2,TPH2,PAH,IDH3A,MTARC2,CYP2R1,DHODH,NDUFS8
Serine protease PA clan		0.46610471392538755	0.7223484591046292	0.4700802664796264	1.0	0.7918467922649098	26	PLG,CTRB1,F11,PROC,F2,CTRB2,HGFAC	KLK7,CTRB1,HGFAC,F7,KLK11,KLK8,CTRL,GZMB,C1R,PLG,F2,KLKB1,HPN,PLAT,KLK3,PRSS2,KLK6,KLK13,CTRC,ELANE,TPSAB1,PRSS1,GZMA,F10,KLK4,SERPINC1,CTRB2,F12,ST14,F9,KLK12,PRTN3,CELA1,KLK5,C1S,F11,GZMK,PRSS8,TPSD1,KLK14,ACR,CFB,PROC,CMA1,KLK1,CTSG,TPSG1,PRSS3,PLAU
Serine protease S1A subfamily		0.46610471392538755	0.7223484591046292	0.4700802664796264	1.0	0.7918467922649098	26	PLG,CTRB1,F11,PROC,F2,CTRB2,HGFAC	KLK7,CTRB1,HGFAC,F7,KLK11,KLK8,CTRL,GZMB,C1R,PLG,F2,KLKB1,HPN,PLAT,KLK3,PRSS2,KLK6,KLK13,CTRC,ELANE,TPSAB1,PRSS1,GZMA,F10,KLK4,SERPINC1,CTRB2,F12,ST14,F9,KLK12,PRTN3,CELA1,KLK5,C1S,F11,GZMK,PRSS8,TPSD1,KLK14,ACR,CFB,PROC,CMA1,KLK1,CTSG,TPSG1,PRSS3,PLAU
ATP-binding cassette		0.4569922249749532	0.6978191606281753	0.4852902948072988	1.0	0.7918467922649098	12	ABCG2,ABCA1	ABCC11,ABCB5,ABCC3,ABCB6,ABCB9,ABCC2,ABCC4,ABCC6,ABCB4,ABCC1,ABCB1,ABCC9,ABCB11,ABCC10,ABCC5,ABCC8,KCNJ8,ABCG2,ABCA1
Primary active transporter		0.45505174042122193	0.6961534984791801	0.48633270585758037	1.0	0.7918467922649098	17	ABCG2,ABCA1,ATP1B1	ABCC11,ABCC3,ABCC2,ABCC6,ABCB4,ABCC1,ABCC9,ATP1A1,ABCB11,ABCC10,ABCC5,KCNJ8,ATP2A1,ATP12A,ABCG2,MT-CO1,SLCO1B1,ABCB6,ABCB5,FXYD2,ATP1B1,ATP1A3,ABCB9,ABCC4,VCP,MT-CO2,ABCB1,ABCC8,ABCA1
Phosphatase		0.47091028878567476	0.6924425945047921	0.48865942450065414	1.0	0.7918467922649098	64	PTPRJ,TNS3,PTPN22,INPP5B,DUSP10,PTPN11,PTPN1,PTPRC,DUSP6,PTPN2	ALPI,PTP4A1,PPP2R2A,PTPN13,G6PC1,SSH2,CDC14A,NANP,PTPN5,NT5M,PTPRG,DUSP6,PPP1R15A,NT5E,ACP3,PPP3R1,CDC25A,PTPRU,PTEN,DUSP22,PTPN7,DUSP2,AKT1,PHLPP2,PHOSPHO1,PTPRJ,PPM1D,CDC25C,ALPP,DUSP10,SSU72,PTPRCAP,PTPRS,PTPN22,PPP3CB,PPP1CB,PPM1B,ACP1,PPP4R3B,ANKRD52,PPP2CA,CDC25B,PTPN2,PTPRE,CTDSP1,UBLCP1,PTPN1,PTPN11,PTPN9,PTPN4,NT5C2,PTPRC,SPOP,ALPL,ANKRD28,PTPRM,DUSP1,DUSP15,DUSP4,PPP3CA,PPP1R15B,NT5C,INPPL1,PPP6R2,INPP5A,TNS3,PTPN14,PPP1CC,ALPG,PTPRA,PPP6R3,PTPN12,PPM1G,PTPRB,PTP4A2,PPP2CB,DUSP5,DUSP3,PTPN3,PTPMT1,ANKRD44,PPP5C,PPP6R1,DUSP26,PPP1CA,PPP2R5A,CRBN,PPM1A,PTP4A3,DUSP23,INPP5B,DUSP14,INPP5D,PTPN6,FBP1,PTPA,PTPN18
Short peptide receptor (family A GPCR)		0.45956235089443814	0.690005272930524	0.49019087140208706	1.0	0.7918467922649098	25	EDNRA	MC3R,MCHR2,NPBWR1,BDKRB1,HCRTR1,SSTR2,EDNRA,NTSR2,CCR5,BRS3,GALR2,MC1R,NTSR1,NMUR1,AVPR2,CCKBR,OPRD1,TACR2,HCRTR2,SSTR3,TRHR,TACR3,MCHR1,PRLHR,AGTR2,NMUR2,NPFFR1,UTS2R,MLNR,OPRL1,BDKRB2,NPY5R,MC5R,NPY4R,GNRHR,NMBR,CNR1,APLNR,OPRK1,AVPR1A,CCKAR,SSTR5,NPY2R,GALR1,MC2R,KISS1R,QRFPR,NPY1R,GRPR,NPBWR2,KCNH2,OPRM1,OXTR,EDNRB,SSTR4,GALR3,AVPR1B,ACKR5,SSTR1,GPR37L1,GHSR,AGTR1,TACR1,NPFFR2,ADRA2A,NPSR1
Phosphodiesterase		0.44764671031326414	0.667179208257475	0.5046576702697019	1.0	0.8042901308774463	20	PDE3A,PDE4B,PDE8B	PDE4C,PDE9A,PDE6A,PDE10A,PDE1C,SMPD2,PDE11A,PDE1A,PLD3,PDE6B,PDE2A,ENPP6,PDE6D,PDE5A,ENPP7,NAGPA,PDE6G,PDE3B,PDE3A,PDE1B,PDE7B,PDE7A,PDE8A,TDP2,TDP1,MAP1LC3B,PDE4A,SMPD1,PDE6C,PDE4D,PDE8B,PDE4B
Kinase		0.3887271288987233	0.6606502844716378	0.5088366134122619	1.0	0.8042901308774463	280	FGFR3,CAMK2D,CEP43,NEK10,MAPKAPK5,CHEK2,JAK2,PRKCQ,INSR,PRKAG2,VEGFA,ERBB4,SLK,TP53,DCLK3,CDKN1A,CCND1,GRK5,KDR,NEK6,ATM,MAST2,PRKCE,BMPR1B,ZAP70,MARK3,MET,FER,PKN2,MAP3K1,EPHA3,PTK2,STAT3,FGFR2,BLK,CDK6,TYK2	WEE2,CDK11A,ERBB3,CDKL3,JAK1,PRKD2,RPS6KA3,TIE1,PASK,PRKAB2,ROR2,GSK3A,NEK4,OXSR1,CAMK4,MAP3K11,PAK2,CAMK2B,CDC42BPA,STK26,NTRK1,JAK2,PRKCQ,MAP4K5,PRKCG,CAMKK2,ERBB4,STK39,EPHB4,MAP3K2,MAPK4,PBK,DBF4,CDK15,BMX,SRMS,MAP3K8,PIM3,BMPR1A,EIF2AK4,INSRR,PHKB,MAP3K4,TTK,CCDC6,CDK19,MAP3K15,PDK4,CCNA2,PDK1,CDK18,MAP2K5,SIK1,STK16,DDR1,LATS1,TNK1,FLT3,PTK2B,NIM1K,ROCK2,DAPK2,BTK,AKT3,ACVR2B,EGFR,MYLK2,PRKAR2A,HASPIN,BLK,STK36,CSNK2A1,CCNY,GSK3B,TFG,CAMK1D,MAP3K3,RIPK3,RPS6KA1,PRKCZ,LIMK2,DAPK1,PRKACA,TNIK,MAP2K6,CDKL5,CDK7,MAP3K7,BUB1,CAMK1,RIPK4,BRAF,LYN,RPS6KA2,PRKG1,MARK2,PLK1,KDR,CAMK2G,CIT,FLT4,GOPC,MAPK13,MAPK1,CAMK2A,GRK3,MAPKAPK3,CCNL2,ACVRL1,ANKK1,COQ8A,WNK3,SRC,KLC1,TXK,NUAK1,TLK1,MAPK8,CDK13,CCNT2,RAF1,GRK5,ATM,CDK5,PRKAR2B,RPS6KB2,IKBKG,CDK14,CLK4,AAK1,STK17B,STK11,MAP3K1,SLK,FRK,TP53,PRKAG3,MDM2,DYRK1A,MET,STK17A,ABL2,TLK2,FGFR1,BRSK2,YES1,IRAK3,CAMK1G,TAOK3,CDKL2,MAP3K9,CCNE2,CDK6,EIF2AK2,BMPR1B,WNK4,FGR,CDK11B,NUAK2,NPM1,CSF1R,MERTK,CDK3,ULK1,MAP2K1,MAPK6,MAP3K13,EPHA1,MARK3,STK33,CRBN,PIP5K1A,PAK1,CHUK,SLC34A2,EIF2AK1,PIM2,PRKCH,TYK2,BRSK1,PKN3,MAPKAPK5,CDKN1A,MINK1,RPS6KA5,PRKAR1A,EPHA3,FER,CCND3,BIRC2,FGFR4,CSNK1G1,CCNA1,DYRK4,RIPK1,GBP1,DMPK,EPHB1,MAP3K12,PRKACG,IKBKB,EPHB6,SGK3,PAK4,VHL,PDPK1,ROS1,CSNK1D,EEF2K,MKNK1,RPS6KA6,ULK3,DDR2,PAK3,CSNK2B,MAST2,TYRO3,MAP4K3,MYO3A,MYLK3,CDK12,MUSK,ARAF,KIF5B,PDK3,NEK1,MAPK7,EPHA5,MYLK4,HIPK4,PRKD1,MAP4K1,MAPK11,KIT,SBK1,CILK1,EPHA6,EPHB3,GRK2,STAT1,CCNC,PRKCE,CDK17,PRKCB,PRKD3,SIK2,FLT1,DCLK1,AKT1,PHKA2,PAK5,WNK1,WEE1,PRKAA1,TNK2,CDKL1,NLK,HCK,STK31,RIOK1,RPS6KA4,MAPK14,PIK3CA,EML4,SMG1,NEK11,CDC7,MAP2K2,MAPK9,TGFBR1,MARK1,AKT2,MAP4K2,PRKAR1B,PRKG2,CSNK1G2,MAPK10,BMP2K,PKN2,CSNK1A1L,ULK2,FGFR3,MAP3K10,CDK9,EPHA2,PHKG1,PRKDC,PHKA1,ABL1,GRK6,ALK,ACVR1C,EPHB2,CDK20,TPM3,TBK1,ZAP70,SRPK3,PRKAG1,LCK,CDC42BPB,MAPKAPK2,MST1R,TSSK6,CHEK1,PRKX,COQ8B,CLK3,CDK1,LIMK1,AURKA,RET,ILK,DAPK3,CDK4,CLK2,NEK6,TEK,MAP3K6,AURKB,CLK1,GRK7,VRK1,TGFBR2,TSSK1B,PRKAB1,PRKACB,CEP43,CDK2,WNK2,SIK3,CHEK2,PKMYT1,SRPK2,RIPK2,EPHA4,CDK8,MAST3,CDK16,SYK,PIP4K2B,FGFR2,GRK1,MAST1,TESK2,PKN1,MELK,STK32C,SGK1,ROCK1,MLST8,SDC4,MAP2K4,MATK,MKNK2,PLK2,TSSK2,STK25,AURKC,NEK10,DYRK3,STK32A,NEK3,PRKAG2,DYRK1B,TTBK2,MAP2K3,GRK4,NTRK2,ACVR2A,TSSK3,TESK1,EPHA7,DCLK2,PRKCI,CDC42BPG,RPS6KB1,IRAK4,STK10,DCLK3,STAT3,CAMKK1,IKBKE,MAP3K5,NEK9,ERBB2,MAP4K4,STK4,STK38,TAB1,PIK3CB,ACVR1,JAK3,STK32B,HIPK1,MOS,TTBK1,MTOR,LRRK2,PDK2,PTK6,HIPK2,PRKAA2,NTRK3,MYLK,XIAP,EPHA8,STRADA,SGK2,HIPK3,PTK2,RIOK2,CAMK2D,MAK,PRKCD,NEK2,MAP3K20,HUNK,LTK,MAPK3,NEK7,SBK3,EIF2AK3,PPP1CA,MAST4,LATS2,PAK6,FYN,KSR1,CSNK2A2,CCNK,IGF1R,NEK8,MYO3B,MAPK15,PRMT5,RIN1,MARK4,TEC,SNRK,CCNE1,STK38L,BMPR2,MAP3K19,AXL,PLK3,CSK,CSNK1E,DYRK2,PRP4K,PDGFRA,TAOK1,TNNI3K,CSNK1G3,MAPK12,VEGFA,ITK,RIOK3,ATR,MAP3K14,RPS6KC1,PDGFRB,CDK5R1,STK3,SRPK1,NEK5,PIM1,CSNK1A1,CSNK2A3,PHKG2,MAP2K7,IRAK1,PLK4,TAOK2,ACVR1B,PRKCA,STK24,CCND1,PINK1,TPM1,CCNO,GAK,CCNT1,INSR,CDK10,STK35
CMGC protein kinase CDK family		0.44226867250147567	0.6104053981367398	0.5415932931471643	1.0	0.8469597243897143	12	CCND1	CDK11A,CDK2,CDK5,CCNE2,CCNC,CDK19,CDK6,CDK17,CDK12,CCNA2,CDK14,CDK11B,CDK8,CDK18,CDK16,CCNE1,CCNL2,CCNA1,CDK1,CDK3,CDK7,CDK4,CCND1,VHL,CDK9,CRBN,CDK15,CDK13,CCNK,CCNT2,CDK10,CCNY
Voltage-gated potassium channel		0.43181360121344714	0.5607971885026757	0.5749358035475962	1.0	0.8746329363604349	19	KCNB1,KCNQ5,KCNG2,KCNQ1	KCNC4,KCND2,KCNF1,KCNK13,KCNG3,KCNA3,MCHR2,KCNV2,KCNC1,KCNQ1,KCNH5,KCNE1,KCNG1,KCNA10,KCNB2,KCNH6,KCNQ3,KCNQ5,KCNS1,KCNH8,KCNA1,KCND1,KCNG2,KCNH2,KCNQ4,KCNS3,KCNA5,KCNC3,KCNA4,KCNQ2,KCNH1,KCNA2,KCNG4,KCNH3,KCNH4,KCNB1,KCNA6,KCNC2,KCNA7,KCNS2,KCND3,KCNH7
Protease		0.45335844251294843	0.5565499862303928	0.5778349330461425	1.0	0.8746329363604349	124	DPP4,BMP4,PLG,SENP7,CTRB1,KLK3,ERAP1,MMP14,MMP12,ACE,PCSK1,NPEPPS,PCSK9,HGFAC,LDLR,CTSB,CASP8,FURIN,MMP24,BACE2,CTSH,FAP,PROC,F2,AOPEP,CTRB2,USP8,PSMA4,BMP2,BMP6,BMP1,F11,CTSS	MMP19,USP13,MMP14,CPA1,PSMB11,NPEPPS,CASP7,RNPEPL1,HPN,CTSL,CPA4,KLK3,KLK13,GGH,CASP1,CTSD,PCSK7,PEPD,TPSAB1,PSMB4,LGMN,LTA4H,USP47,USP18,USP10,F11,USP14,PSMA5,PSMD14,CTSA,MMP17,CPN1,CFB,CTSG,CASP6,PLAU,TMPRSS2,PCSK2,SENP8,USP5,MMP24,CASP10,CPA2,TASP1,USP8,PRSS2,KLK6,CTSE,ELANE,USP28,MMP1,ERAP1,PRCP,ADAM9,CPA3,CTSV,C1S,CPB1,PSMB1,PGA5,LAP3,CTSZ,CASP5,CTRL,SENP7,GZMB,PCSK9,ADAMTS1,PSMB8,DNPEP,PSMB2,MMP13,DPP4,MMP12,PLAT,MMP11,METAP1,TMPRSS15,CASP3,ZMPSTE24,KLK4,CASP9,ST14,F9,PSMA8,ADAM12,CASP8,TPSD1,CAPN2,CTSS,PROC,USP7,KLK1,PRSS3,CTSF,ECE1,DPP9,CASP4,KLK11,MMP16,PSMA4,PSMD1,C1R,USP2,PSMC4,USP17L2,UCHL3,METAP1D,CTRC,CTSB,FURIN,MMP25,CASP14,CTRB2,APEH,NCSTN,F12,USP20,PRTN3,KLK5,PRSS8,EPHX2,MMP15,CMA1,SENP6,MMP7,PSMB7,PSMB5,CTSK,CTRB1,HGFAC,BMP1,PSMC6,USP9X,AGBL2,NAALAD2,LVRN,CAPN1,PCSK4,PRSS1,CFD,XPNPEP3,CPM,PCSK5,CTSH,FOLH1,TMPRSS11D,CAPNS1,DPP8,ADAM10,KLK14,USP4,LDLR,XPNPEP2,KLK2,SENP2,CPB2,SCPEP1,F7,PCSK1,CASP12,EPHX1,F2,KLKB1,MMP8,ADAM8,PGC,PSMC1,WDR48,F10,PREP,CELA1,MMP26,XPNPEP1,TPP2,ACR,ADAM17,BMP6,REN,ADAMTS5,NPEPL1,UCHL5,PSMB3,PLG,LNPEP,MMP20,PSENEN,ACE,MMP10,RNPEP,SEM1,ERAP2,BMP10,DPP3,GZMK,AOPEP,TMPRSS4,PSMB6,ECE2,SENP1,MME,MMP3,TMPRSS6,ADAM33,DPEP1,KLK8,ENPEP,BMP4,UCHL1,GZMA,ACE2,MMP9,BACE1,BACE2,ADAMTS13,SERPINC1,MMP2,CASP2,MUS81,MBTPS1,USP1,BMP2,PCSK6,CTSC,KLK12,PSMB9,ANPEP,METAP2,FAP,DPP7,PSMB10,RCE1,TPSG1,ADAMTS4
Histone deacetylase		0.4399261215044809	0.5500866356640419	0.582259952655253	1.0	0.8746329363604349	11	HDAC9	HDAC6,HDAC7,SIRT2,HDAC4,HDAC11,VHL,CRBN,SIRT6,HDAC2,HDAC5,HDAC8,HDAC1,SIRT1,HDAC10,SIRT4,HDAC3,HDAC9,SIRT5,SIRT3
AGC protein kinase PKC family		0.4604791414652717	0.5488788052972446	0.58308862424029	1.0	0.8746329363604349	8	PRKCQ	PRKCQ,PRKCG,PRKCE,PRKCZ,PRKCD,PRKCB,PRKCI,PRKCH,PRKD3
Potassium channels		0.44032545169166953	0.4911813750628702	0.6232981707202081	1.0	0.9255033444027333	35	KCNA4,KCNJ2,KCNJ5,MCHR2,KCNK5,KCNN3,KCNMA1,KCND3,KCNK3,KCNU1,KCNB1,KCNQ5,KCNG2,KCNQ1	KCNV1,KCNC4,KCND2,KCNF1,KCNK13,KCNG3,MCHR2,KCNV2,KCNK2,KCNJ3,KCNE1,KCNMB4,KCNK18,KCNG1,KCNN4,KCNA10,KCNB2,KCNH6,KCNQ3,KCNS1,KCNJ6,KCNH8,KCNK9,KCNG2,KCNK4,KCNK5,KCNS3,KCNC3,KCNA4,KCNQ2,KCNA2,KCNG4,KCNB1,KCNH4,KCNMB1,KCNA6,KCNK17,KCNU1,KCNJ13,KCND3,KCNH7,KCNMA1,KCNA3,KCNC1,KCNQ1,KCNJ1,KCNH5,KCNJ4,KCNJ5,ABCC9,KCNN1,KCNK3,KCNQ5,KCNJ8,KCNJ9,KCNA1,KCND1,KCNN3,KCNH2,KCNQ4,KCNA5,KCNJ2,KCNH1,KCNH3,KCNC2,KCNN2,KCNJ10,KCNK10,KCNA7,KCNS2
Tyrosine protein kinase Eph family		0.4447263501268284	0.46024948196523446	0.6453371574673177	1.0	0.9444956193828831	8	VHL,EPHA5,EPHA7,EPHA4,EPHB1,EPHA3,EPHB2	VHL,EPHA1,EPHA7,EPHA2,EPHB4,EPHA3,EPHA4,EPHA8,EPHA6,EPHA5,EPHB3,EPHB1,EPHB2
Cysteine protease		0.4217827932465837	0.45523641251175406	0.6489391670589877	1.0	0.9444956193828831	24	CASP8,CTSS,CTSH	CTSZ,CASP5,CTSK,SENP8,SENP2,USP13,USP5,CASP4,CASP10,CASP12,UCHL5,SENP7,CASP7,USP2,USP8,USP9X,USP17L2,UCHL3,CTSL,GGH,CASP1,CTSB,UCHL1,CASP3,USP28,CAPN1,CASP14,WDR48,LGMN,CASP9,CTSH,USP20,CASP2,USP47,USP18,CTSV,CAPNS1,USP1,CTSC,USP10,CASP8,USP14,USP4,CAPN2,CTSS,USP7,CTSF,CASP6,SENP6
Family C G protein-coupled receptor		0.424375693072326	0.4151772940115488	0.6780121194792148	1.0	0.9771351133671037	10	GRM3,GRM5	GPR156,GPRC5D,GABBR2,GRM7,GABBR1,GPR158,GPRC5A,GRM8,GRM3,CASR,TAS1R1,GPRC5B,GRM6,GPRC6A,GRM2,GRM1,GRM4,GPRC5C,TAS1R2,GRM5
Metallo protease		0.40356354249076953	0.1888957614632	0.8501745156372329	1.0	1.0	47	BMP2,MMP12,BMP4,ACE,MMP24,ERAP1,BMP6,NPEPPS,AOPEP	ADAM17,MMP19,BMP6,MMP14,ADAMTS5,CPA1,NPEPL1,BMP1,NPEPPS,ADAMTS1,PSMB8,RNPEPL1,DNPEP,LNPEP,MMP13,AGBL2,MMP12,CPA4,MMP20,MMP11,METAP1,PEPD,LVRN,NAALAD2,ZMPSTE24,LTA4H,ACE,CPM,XPNPEP3,FOLH1,MMP10,RNPEP,ERAP2,ADAM12,BMP10,DPP3,PSMD14,ADAM10,AOPEP,MMP17,CPN1,ECE2,XPNPEP2,MME,ECE1,MMP3,ADAM33,MMP24,CPB2,DPEP1,CPA2,MMP16,ENPEP,BMP4,METAP1D,MMP8,ADAM8,MMP1,ACE2,MMP9,MMP25,ADAMTS13,ERAP1,MMP2,ADAM9,CPA3,MUS81,BMP2,METAP2,ANPEP,MMP26,XPNPEP1,CPB1,MMP15,ADAMTS4,MMP7
Surface antigen		0.3668214338128033	0.1232743744328971	0.901889832278151	1.0	1.0	14	CTLA4	CD4,HLA-DRB5,CD74,LY96,CD27,CD80,CD52,PDCD1,PRNP,CD19,CD86,CD2,CTLA4,F3,MIF,CD63,CD276,HLA-DRB1,CD44,CD209,CD81,HLA-A,CD33,CD14
Membrane receptor		0.3683983507588957	0.12050842146754973	0.9040804088968843	1.0	1.0	235	RXFP2,CRHR1,CSF3R,IL2RA,TLR1,PTPRF,MC4R,GPR35,GRM3,PTGER4,LTBR,SORT1,GIPR,PCSK9,LDLR,CALCRL,MCHR2,FCGR2A,IL23R,EDNRA,CD40,SCARB1,MC1R,GLP1R,DRD2,ITGB8,NMUR2,GRM5,CXCR4,TSHR	CCR7,OPN5,HTR3E,CD207,FCGR3B,HTR2B,GPR149,GRN,ADRA1A,HTR3A,LTB4R,HCAR3,LIFR,MRGPRG,TACR2,TAAR8,FZD10,GPR26,FFAR3,FFAR4,P2RY14,GRM6,TLR7,TNFRSF4,GPRC6A,GPR4,TLR2,LPAR1,LTB4R2,NPY5R,RXFP1,ADGRF5,LPAR4,ADGRF4,RXFP4,GPR34,AVPR1A,CCKAR,CCR3,PROKR2,SIGMAR1,ITGA6,OPN1LW,GRPR,DRD2,GPR55,ADRA1B,GPR21,TAS2R42,CXCR5,CCRL2,GPR37,GALR3,XCR1,IL23R,GPR37L1,OXGR1,ADCYAP1R1,CCR6,FCGR1A,TAS2R43,P2RY6,TAS2R10,GPR65,FZD1,VIPR2,TRBV7-9,S1PR2,FCER1A,PTGER4,ADIPOR2,MSR1,CD3E,TMEM97,MRGPRX1,HCRTR2,GPR174,GPR135,C3AR1,TLR5,TAS2R7,ADRA1D,ADRB1,GPR82,HTR1D,NPFFR1,GPR153,CD37,ADGRG1,GPR141,GPR15,NMBR,ADORA1,DRD5,TAAR1,TAAR5,OPRK1,PROKR1,IFNGR2,GPR12,GALR1,ADGRF3,QRFPR,GPR139,TAS2R41,ADRA2B,HTR1A,IGFLR1,FFAR2,HCAR2,OGFRL1,TNFRSF1B,TLR4,P2RY1,TNFRSF18,OXER1,LPAR3,IL22RA1,GPR17,RHO,P2RY4,LPAR6,ADORA3,MAS1,HTR2A,GPR88,TAS2R46,PTPRF,TFRC,TFR2,FPR1,CXCR4,IFNGR1,NTSR1,NMUR1,GPR19,HRH4,SLAMF7,GPR39,GABBR2,F2RL3,TRHR,TAS2R50,MCHR1,TAS2R5,TNFRSF12A,CCR2,ITGA2B,GNA15,GRM3,HTR1B,ADORA2B,IL2RG,PTGIR,RAMP2,HRH1,GPR6,LDLR,ADGRD1,CXCR1,BDKRB2,ITGB5,PTH2R,NPY4R,IL6ST,CNR1,GPER1,GPR151,CASR,TLR3,NPR1,ITGB7,CXCR2,CXCR3,GHRHR,TAS2R16,IL2RB,S1PR1,CRHR1,NPBWR2,KCNH2,HTR3D,GPR22,GPR158,CRBN,CHRM1,F2RL1,GPR52,MTNR1B,SSTR1,P2RY2,FCGR3A,SMO,F2R,GPR183,ADGRA3,TAS2R13,TAS2R1,MC3R,MCHR2,HTR5A,GPR50,GPR148,GPRC5A,GPR146,ADRA2C,CCL2,ITGA4,GPR3,TSPO,CLEC4E,OPRD1,NGFR,EPHB6,ITGA5,IL12RB1,PRLHR,FZD8,GPR162,TAAR2,LPAR5,CCR10,GPR75,CLEC4C,TNFRSF17,NOTCH1,MC5R,GPR78,GPR85,GRM8,GPR18,NPR3,ADGRG6,TLR8,TAS2R20,PTGDR2,FOLR2,SORT1,TRAC,ADGRG5,VIPR1,MAS1L,CCR8,CX3CR1,IL31RA,TLR1,EDNRB,GPR143,FZD9,ITGA9,ACKR5,IL15RA,TAS2R3,GHSR,GCGR,TNFRSF10A,TAS2R4,ADGRE5,NPFFR2,KIR2DL1,CALCRL,ITGB1,TNFRSF1A,HTR4,ADORA2A,IL2RA,GPR119,GPR101,ADIPOR1,HTR7,APP,TAS1R1,TAS2R40,CCR5,GALR2,ITGA3,LPAR2,MC1R,CD69,F2RL2,CCKBR,CSF3R,MRGPRE,LTBR,ADGRA1,EPOR,TNFRSF10B,CLEC6A,MRGPRD,TLR6,PTGER3,GPR84,OPRL1,C5AR1,S1PR4,IL10RB,GPR25,BSG,IFNAR2,CSF2RB,PTGER2,TSHR,CSF2RA,MC2R,S1PR3,TAS2R30,NPY1R,IL13RA2,ADGRG2,GPR142,GLP2R,TAS2R8,TRGV3,HRH2,GPR31,GPRC5B,AVPR1B,GIPR,EDAR,TACR1,GPR171,NPSR1,TAS1R3,HRH3,SUCNR1,FZD7,PCSK9,EDNRA,DRD1,GPR27,TRAV29DV5,GRM1,BRS3,ACKR3,AVPR2,FZD2,TAAR6,CYSLTR2,ADGRL4,P2RY11,FCGR2A,TACR3,TNFRSF9,AGTR2,HTR2C,ASGR1,UTS2R,GPR176,AGER,OR5K1,LHCGR,PTAFR,HCAR1,FFAR1,TAS2R60,PLAUR,S1PR5,TBXA2R,GPR173,GNRHR,GPR150,ACKR2,CMKLR1,CD40,APLNR,CXCR6,GPR68,CHRM4,GPR35,GPR160,GPR20,TAS2R19,ADRB3,ITGB2,ITGB8,MTNR1A,IL5RA,OXTR,TAS2R14,CALCR,MRGPRX3,NOTCH3,TAS2R38,AGTR1,IL11RA,GRM5,MRGPRX4,GPR63,HCRTR1,BDKRB1,SSTR2,PTGFR,P2RY10,GFRA1,ITGB3,NTSR2,GHR,IL1R1,HTR1F,TAS1R2,GPRC5D,SSTR3,ITGA2,IFNLR1,HTR1E,ACKR1,NMUR2,CNR2,GPR32,TAS2R9,GPR161,PTGER1,C5AR2,NOTCH4,CHRM2,CCL5,ADGRD2,SCARB1,GPBAR1,P2RY8,IGF2R,GPR61,GRM2,NPY2R,HTR3B,DRD3,EPHA10,CCR9,ITGAM,CYSLTR1,GRM7,GABBR1,ITGA1,CRHR2,SSTR4,ADRB2,IFNAR1,GPR62,CCR1,GRM4,GPR152,MC4R,GPR87,NPBWR1,GPR45,ADGRF1,RAMP1,GLP1R,TAS2R31,GPR83,CR1,MPL,NOTCH2,ITGAV,MRGPRX2,CHRM5,KIR2DL3,TLR9,GPR156,RXFP2,ADGRG3,P2RY13,FZD5,FOLR1,FPR2,CHRM3,IL17RA,MLNR,HTR6,IL3RA,OPN3,OR51E2,CCR4,TAS2R39,TAAR9,GPR132,SCTR,FSHR,MRGPRF,PTGDR,SSTR5,FCER2,ITGB6,KISS1R,GPRC5C,CD40LG,CMKLR2,RXFP3,ADGRF2P,IL10RA,DRD4,IL13RA1,P2RY12,OPRM1,PTH1R,FZD4,ADRA2A
Ligand-gated ion channel		0.38898489988330265	0.10780587349213201	0.9141496836746541	1.0	1.0	38	CHRNA3,CHRNA5	CHRNA6,HTR2A,CHRND,GRID2,GABRA3,CHRNA5,P2RX7,HTR3E,GABRA2,GRIN3A,SCNN1A,CHRNA2,GRIA4,GABRA1,GABRR3,GABRR2,P2RX4,HTR2B,P2RX3,ITPR1,AOX1,HTR1F,FKBP1A,GRIN1,CHRNA3,HTR3A,GRIA1,SCNN1G,GRIN2B,GRIA2,CACNG2,HTR1E,ITPR3,HTR3C,P2RX1,ASIC1,CHRNB4,GRIK3,RYR1,GABRG3,CHRNB1,CHRNA4,GLRB,RYR3,GABRQ,ASIC3,CHRNA10,GRID1,GRIA3,GRIN3B,CHRNA1,P2RX2,GABRA6,SCNN1B,GABRD,GABRB2,GRIK4,CHRNA7,ITPR2,HTR3B,CHRNB3,GLRA1,CHRNG,GLRA3,GABRA5,GABRB1,CACNG8,GABRA4,CHRNB2,RYR2,HTR3D,CHRNE,GABRB3,GRIN2C,GABRE,GABRR1,GRIK2,GLRA2,GRIK1,GRIN2D,P2RX5,P2RX6,GABRP,CHRNA9,GRIK5,GABRG1,GABRG2
Inwardly rectifying potassium channel		0.34774731247734114	0.04094174812485936	0.9673423351421846	1.0	1.0	6	KCNJ2,KCNJ5,KCNJ6,KCNJ13,KCNJ3	ABCC9,KCNJ3,KCNJ1,KCNJ10,KCNJ2,KCNJ4,KCNJ13,KCNJ6,KCNJ8,KCNJ5,KCNJ9
Writer		0.37078934023499355	0.035427724719621086	0.9717386774546561	1.0	1.0	30	PPARG,EP300	KAT2A,NCOA1,PRMT5,PRMT7,NSD3,METTL21A,KAT2B,PRMT3,SETMAR,SUV39H2,KMT2E,KMT5B,SUV39H1,CREBBP,PRDM9,PRMT6,PRMT8,VCPKMT,KMT2A,SMYD2,CTNNB1,EED,DOT1L,EZH1,SETD7,ASH1L,NCOR1,KAT8,KMT2C,SETD2,VHL,PPARG,DNMT3L,NSD1,NCOA3,CRBN,SMYD3,KMT2B,KMT5A,EHMT2,RIOK1,EHMT1,DNMT1,CARM1,NSD2,SETDB1,KAT5,EZH2,KMT5C,PRMT1,EP300
CMGC protein kinase group		0.2652873558823977	-0.0	1.0	1.0	1.0	29	SRPK2,MAPK3,CCND1,CDK12,CDK6	MAPK15,CDK20,CDK11A,CDK5,CDKL3,DYRK3,CCNC,CDK17,SRPK3,CDK14,CLK4,DYRK1B,CCND3,GSK3A,CCNE1,CCNA1,DYRK4,CLK3,CDK1,MDM2,CDKL5,CDK7,CLK2,CDK4,VHL,DYRK2,DYRK1A,MAPK4,CDK15,PRP4K,CDKL1,NLK,MAPK14,CLK1,MAPK12,CDK2,CDKL2,CCNE2,MAPK9,MAPK13,CDK19,CDK6,MAPK1,SRPK2,CDK12,HIPK1,CCNA2,CDK18,CDK8,SRPK1,CDK11B,HIPK2,CDK16,MAPK7,CCNL2,MAPK10,HIPK3,MAK,HIPK4,CDK3,MAPK6,MAPK3,MAPK11,CCND1,CDK9,CRBN,MAPK8,CILK1,CDK13,CCNK,CCNT2,RAF1,CCNY,CDK10
Chemokine receptor		0.22188633615477038	-0.0	1.0	1.0	1.0	15	CCR1,CX3CR1,CCR3,CCR5,CCR2,CCR4,OPRM1,ACKR1,CXCR2,CCL2,CXCR4,CCR6,CXCR5,XCR1	ACKR2,CCR8,CX3CR1,ACKR1,CCR2,OPRM1,CXCR6,CXCR5,CCL2,CCR3,XCR1,CCR10,CCR1,CCR5,CCR6,CXCR2,CCR9,CCR4,CXCR3,ACKR3,CXCR4,CCL5,CXCR1
Small molecule receptor (family A GPCR)		0.2672243471704026	-0.0	1.0	1.0	1.0	44	PTGER4	LPAR6,ADORA3,HTR4,HTR2A,ADORA2A,HRH3,HTR5A,HTR3E,GPR119,P2RY6,HTR7,SUCNR1,ADRA2C,PTGFR,HTR2B,DRD1,S1PR2,PTGER4,CHRM5,LPAR2,HTR1F,ADRA1A,HTR3A,HCAR3,LTB4R,TAAR6,CYSLTR2,HRH4,P2RY13,TAAR8,P2RY11,HTR1E,ADRA1D,CHRM3,GNA15,FFAR3,ADRB1,FFAR4,MRGPRD,HTR2C,HTR1B,CNR2,TAAR2,P2RY14,LPAR5,HTR1D,PTGER3,PTGER1,HTR6,ADORA2B,PTGIR,PTAFR,S1PR4,HCAR1,FFAR1,HRH1,CHRM2,LPAR1,LTB4R2,TBXA2R,S1PR5,TAAR9,LPAR4,GPBAR1,P2RY8,ADORA1,CNR1,GPER1,DRD5,TAAR1,PTGDR,CHRM4,HTR3B,GPR35,PTGER2,DRD3,PTGDR2,S1PR3,ADRB3,S1PR1,HTR1A,ADRA2B,MTNR1A,CYSLTR1,DRD4,DRD2,FFAR2,HCAR2,P2RY12,HTR3D,GPR55,OPRM1,ADRA1B,CHRM1,HRH2,GPR31,P2RY1,MTNR1B,ADRB2,OXGR1,P2RY2,OXER1,LPAR3,GPR17,ADRA2A
TKL protein kinase STKR family		0.27145440701334855	-0.0	1.0	1.0	1.0	16		KLC1,TPM3,ACVR1,VHL,TFG,TGFBR1,BMPR1B,CRBN,ACVR2B,TPM1,KIF5B,ALK,TGFBR2,NPM1,ACVRL1,BMPR1A,EML4,BMPR2,ACVR1C,ACVR2A
Voltage-gated calcium channel		0.26364672575131054	-0.0	1.0	1.0	1.0	12	CACNA1C	CACNA1D,CACNG8,CACNA1I,CACNA1C,CACNG2,CACNA1B,CACNA1E,CACNB3,CACNG3,CACNA2D2,APBA1,CACNA1S,CACNA1F,CACNA1A,CACNA1G,CACNG5,CACNA1H,CACNA2D1,CACNB1
Voltage-gated ion channel		0.3180362251711959	-0.0	1.0	1.0	1.0	69	KCNJ2,MCHR2,HCN1,KCNK5,SCN10A,KCNN3,KCNMA1,HCN4,SCN5A,KCNK3,KCNU1,CACNA1C,CACNA1I,KCNQ5,KCNG2,KCNB1,KCNQ1	KCNF1,KCNG3,KCNV2,KCNK2,KCNJ3,MCOLN1,SCN4A,SCN10A,CACNA2D2,KCNK18,KCNG1,CACNA1A,TRPC4,TRPV4,TRPM6,KCNQ3,SCN7A,PKD1,KCNK9,CACNA1I,CACNG2,KCNK5,KCNS3,TRPV1,KCNC3,TRPM8,TRPA1,KCNA2,KCNG4,KCNMB1,KCNA6,KCNK17,TRPM3,CACNA1H,KCNJ13,CACNB1,KCNH7,KCND3,KCNQ1,KCNJ1,TRPC6,ABCC9,SCN5A,TRPM7,HCN1,TRPM5,KCNN1,HCN3,KCNQ5,KCNJ8,TRPC3,KCNA1,KCND1,CACNG8,KCNH2,KCNQ4,KCNH1,SCN11A,KCNH3,KCNC2,TRPV6,KCNJ10,CACNA2D1,KCNA7,KCNJ11,KCNC4,KCND2,CACNA1D,KCNK13,MCHR2,MCOLN3,KCNE1,TRPV3,KCNMB4,CACNA1S,KCNN4,TRPC1,KCNA10,KCNB2,KCNH6,HCN4,KCNS1,KCNJ6,KCNH8,FGF14,CACNG4,TRPM4,HCN2,KCNG2,KCNK4,CACNA1B,KCNA4,KCNQ2,TRPM2,KCNB1,APBA1,KCNH4,CACNA1F,CACNG5,KCNU1,SCN9A,TRPV5,KCNMA1,KCNA3,KCNC1,TRPV2,CACNA1E,CACNB3,KCNH5,KCNJ4,KCNJ5,SCN8A,CATSPER1,KCNK3,SCN2B,KCNJ9,SCN3A,TRPC7,KCNN3,CACNA1C,KCNA5,KCNJ2,CACNG3,SCN1A,CACNA1G,KCNN2,KCNK10,KCNS2,SCN2A,TRPC5
AGC protein kinase group		0.3091158298129582	-0.0	1.0	1.0	1.0	45	PKN2,CDKN1A,MAST2,PRKCQ	PKN3,RPS6KB2,CDKN1A,PRKCE,RPS6KA3,STK32A,PRKCB,RPS6KA5,PRKD3,CDC42BPB,RPS6KA1,PRKX,GRK4,PRKCZ,CDC42BPA,PRKACA,AKT1,DMPK,STK38L,PRKACG,PRKCQ,SGK3,PRKCG,PRKCI,CDC42BPG,RPS6KB1,PDPK1,RPS6KA4,RPS6KA6,GRK7,RPS6KA2,PRKG1,MAST2,STK38,PRKACB,CIT,RPS6KC1,STK32B,AKT2,PRKG2,MAST3,GRK3,SGK2,PRKCD,LATS1,PKN2,PRKCA,ROCK2,GRK1,MAST1,CRBN,AKT3,PPP1CA,MAST4,LATS2,PKN1,GRK6,STK32C,SGK1,ROCK1,PRKCH,GRK2
Bromodomain		0.2389949327110874	-0.0	1.0	1.0	1.0	21	SMARCA4,BRWD1,ZMYND8,BPTF,SP140	KAT2A,CECR2,FEM1B,ATAD2B,DCAF1,HIF1A,ASH2L,SMARCA2,BPTF,CREBBP,DCAF16,BRD8,ZMYND8,SP140,BRD1,DCAF15,BRD4,TRIM28,BRD7,BRD3,PBRM1,SP140L,PHIP,TRIM66,BRWD3,BAZ2B,VHL,BAZ1A,BRWD1,CRBN,DCAF11,TAF1L,BRPF3,BRD2,TRIM24,BRDT,TRIM33,BAZ2A,SMARCA4,ATAD2,BRPF1
Transporter		0.2701529950252609	-0.0	1.0	1.0	1.0	91	SLC22A5,ABCB4,SLC22A1,SLC4A7,SLC22A4,SLC16A8,SLC22A3,SLC26A3,ABCA1,ABCG2,ABCB5,SLC2A9,SLC22A2,SLC6A15,ATP1B1,SLC19A2,SLC12A2	SLC22A6,SLC25A6,ABCC3,SLC18A3,CPT1B,SLC11A1,ABCC6,ABCB4,ATP1A1,SLC44A4,DUOX2,SLC6A11,SLC5A1,SLC4A7,SLC22A7,NOX5,SLC47A2,ATP12A,SLC6A7,SLC2A14,CYBB,ABCB6,SLC9A1,ABCB5,SLC20A1,SV2B,ATP1A3,SLC1A3,SLC6A13,SLC34A1,SLC25A3,SLC13A2,SLC28A3,SLC5A7,SLC25A5,SLCO2B1,SLC2A9,ATP4A,SLC39A6,ABCC11,SLC22A11,SLC22A4,SLC26A9,SLC22A5,SLC2A2,SLC11A2,SLC6A9,SLC7A11,ABCC9,SLCO4A1,SLC28A2,SLC10A2,SLCO1A2,ABCC5,SLC47A1,SLC27A2,MPC2,SLC27A5,KCNJ8,SLC13A5,SLC46A1,SLCO1B1,SLC2A1,SLC7A8,SLC19A2,SLC29A4,SLC12A2,CYB5A,SLC40A1,ATP1B1,ABCB9,KCNIP2,SLC19A1,SLC5A11,SV2C,SLC16A3,SLC34A2,SLC22A1,SLC6A1,ABCA1,SLC1A1,SLC5A2,SLC29A1,SLC2A3,SLC35A2,SLC9A5,CRAT,SLC26A4,SLC18A2,SLC22A8,SLC27A4,SLC23A2,SLC10A1,SLC17A1,ENOX2,SLC12A5,SLC7A5,ATP2A1,SLC9A3,ABCG2,SLC15A2,MT-CO1,SLCO2A1,SLC29A2,SLC16A1,UQCRB,SLC17A2,SLC2A5,ROS1,SLC1A4,SLC9A2,SLC18A1,SLC33A1,NPC1,SLCO1C1,MT-CO2,ABCC4,ABCB1,NOX1,SLC22A9,SLC2A8,SLC1A5,SLC15A1,SLC22A3,SLC25A20,SLC13A3,SLC6A4,SLC6A2,SLC51A,SLC28A1,SLC22A16,SLC6A3,CROT,SLC8A1,ABCC2,SLC37A4,SLC6A15,SLC22A2,SLC16A7,ABCC1,SLC36A1,ABCB11,SLC26A3,ABCC10,SLC1A2,SLC2A4,SLCO3A1,SLC43A1,SLC14A1,SLCO1B3,SLC12A3,FXYD2,SLC20A2,SLC6A5,SLC34A3,VCP,SLC6A6,SLC22A12,SV2A,SLCO4C1,SLC12A1,ABCC8,SLC8B1,SLC5A4,SLC27A1,SLC16A8
Cysteine protease C19 family		0.24229523056835994	-0.0	1.0	1.0	1.0	6		WDR48,USP13,USP5,USP20,USP47,USP18,USP1,USP2,USP10,USP8,USP9X,USP14,USP17L2,USP4,USP7
Transferase		0.31031597167223557	-0.0	1.0	1.0	1.0	206	ST6GAL1,POLD3,TERT,AS3MT,MAT2A,GFPT1,DGKD,POLA1,FUT2,NTMT2,MECOM,TRAF3IP2,B3GNT2,SULT1A1,SHMT2,UBE2L3,PIK3R1,PIP4K2A,TNFAIP3,PRDM11,DGKB,FUT3,PRDM1,PPIP5K2,PIK3C3,NSUN6,COP1,PRDM16,NAT2	C1GALT1,PIP4K2A,CDKL4,TST,UGT1A5,UGT2B17,PARP11,PARP3,IP6K1,NME4,GGT7,PEAK1,PLIN1,CERS4,LCLAT1,UGT2B10,GOT2,NAGK,PPAT,MGAT2,SMS,BRAP,PANK1,SGMS1,QPCTL,NMT2,COASY,PRDM7,UBE2D1,MGAT5,DGKA,NSUN5,TAFAZZIN,GALNT13,PIK3C3,FUT6,FASN,DCK,MGMT,GPAM,UGT2B7,NTMT1,COP1,ABAT,LPCAT1,SULT1C4,POLA1,PRDM11,PARP1,TPK1,GSTM1,ELOVL5,METTL16,POLI,PIK3CA,SPTLC2,POLH,GSTM3,GFPT1,SULT1A3,UGT2A2,PIGW,BCDIN3D,WHR1,UGT1A1,PI4KAP2,PARP10,UBE2G2,POLQ,UGT1A10,UGT2B11,PIK3R4,UBE2T,FAM20C,AADAT,UGCG,SETD1B,PDK1,AGPAT2,MOGAT3,SULT1E1,POLD1,POLG,PI4K2B,UGT8,MOGAT2,FDFT1,GOT1,ELOVL6,SULT1A2,PNP,POLG2,TSSK4,DGKH,DTX3L,DGKZ,NAT10,UGT2B4,ACAT1,GCNT1,B3GNT6,SMURF1,GGPS1,ST6GAL1,UBE2F,POLN,IP6K3,BHMT,DGUOK,AK4,PIKFYVE,MAP3K21,TRMT112,GNMT,SMYD1,MGAT3,CERS6,PEX2,SULT2B1,PCYT1A,CERK,GSTA2,GPT,NME2P1,FUT2,PNPLA2,PRDM8,GYS2,TNKS,ELOVL1,PRDM2,SAT2,TENT4B,POLR1A,PNMT,MECOM,B3GALT1,ST3GAL1,TPMT,DGKI,DGAT2,AWAT1,DTYMK,PI4KA,RNF31,HNMT,UGT2A3,UBE2L3,PSKH1,PGK2,DCUN1D1,TYMS,FUT4,DGKB,NAT1,PRDM14,UGT1A4,BCKDK,AGPS,ZDHHC2,TNFAIP3,HPGDS,CERS1,UGT2B28,PIK3CG,UGT2B15,ELOVL4,POLE,IP6K2,PIK3R1,AASDHPPT,BCAT1,GALNT6,PNKP,NTMT2,PYGB,METTL3,PPIP5K2,SRM,PARP12,PRMT9,MGST1,GNPAT,PML,HMBS,LRAT,SHMT1,GALNT3,CKB,PIK3R2,ELOVL7,RNF4,GALNT10,CHKB,CBLB,ART1,DCAF1,FN3KRP,SHMT2,GSTM2,PIP4K2C,RABGGTA,ELOVL3,PIK3R5,UBR4,SOAT2,GALNT1,SHARPIN,CHAT,LMTK3,TK1,PLAAT5,PCMT1,FUT10,B3GNT3,CHST4,PGGT1B,REV1,UGT1A7,PTDSS1,PARP4,HAT1,ACAT2,UBE2K,TRDMT1,MGAT1,UGT1A6,RABGGTB,TENT4A,NSUN2,STUB1,PLAAT2,CPT2,GK,MOK,SMURF2,PARP14,PLAAT4,KHK,DPAGT1,CSGALNACT1,UBE2O,PANK3,ERN2,B3GALT5,DGAT1,GSTA3,CGAS,GALK1,TKT,NSMCE2,PI4K2A,UBE2M,PARP2,INMT,UPP1,FUT5,GSTT2,NSUN6,OAT,B3GNT4,PIK3C2B,PRDM1,NAT2,MASTL,SETD4,CS,POMGNT1,PI4KB,RNF168,KSR2,RNF114,PRPS1,PARP8,GPAT4,PIK3C2G,DGKE,MBOAT4,PARP6,POLD2,AGXT,UCK2,OTC,BHMT2,CEPT1,NNMT,PIK3CB,UBE2E1,NME1,PIK3C2A,UGT1A3,CNOT4,CPT1A,PIK3CD,GSTP1,DDOST,ZFP91,ACLY,PAPSS2,BCAT2,PCIF1,DHPS,PRDM6,PIP5K1B,UCK1,HKDC1,MAT2A,PYGL,SULT1B1,SULT1A1,HPRT1,GSTM5,FUT7,PORCN,TRIO,CRBN,SULT4A1,GSTT1,FLAD1,SULT2A1,IPMK,SPTLC1,ADCK1,SGMS2,UBE2C,PYGM,FUT8,NADK,MGST2,PRDM12,TMTC3,LARGE1,RNF5,AGK,GALNT14,DGKD,BRD9,SAT1,DNTT,MTR,PGK1,DLAT,AWAT2,METTL14,GPAT3,PRDM13,PDXK,AS3MT,MOCS3,FNTA,FDPS,TRIM58,NAA50,UGT2A1,PLIN5,SULT1C2,UBE2H,RNMT,CERS5,GSTM4,FUT3,VHL,HADHB,GALNT2,DGAT2L6,TIPARP,BUB1B,POLRMT,SETD1A,ICMT,PARP15,NMNAT1,GYS1,ZDHHC20,ADCK5,PNCK,GUK1,PRDM16,ELOVL2,PARP9,TK2,UGT1A8,SOAT1,ST3GAL3,TRAF3IP2,AGPAT1,UBE2D2,B3GNT2,AK1,GSTA4,CHST14,TNKS2,FUT9,CERS2,NAA40,FNTB,COMT,UBE2D3,NAA60,CHKA,PRDM10,PARP16,CKM,QTRT1,NMT1,GSTK1,LCAT,NAA10,POLR3A,POLM,APRT,DGKG,ITCH,HHAT,DGKK,TERT,BAZ1B,PIK3R3,POLR2A,NUDT5,GNE,POLD3,PIP5K1C,TPST2,TAT,MAT1A,GAMT,UGT1A9
TKL protein kinase STKR Type 1 subfamily		0.32545537430891175	-0.0	1.0	1.0	1.0	11		KLC1,TPM3,VHL,TFG,TGFBR1,BMPR1B,CRBN,TPM1,KIF5B,ALK,ACVRL1,NPM1,BMPR1A,EML4
CC chemokine receptor		0.22689380210221083	-0.0	1.0	1.0	1.0	8	CCR1,CCR3,CCR2,OPRM1,CCR4,CCL2,CCR6	ACKR2,CCR8,CCR2,OPRM1,CCL2,CCR3,CCR10,CCR1,CCR5,CCR6,CCR9,CCR4,CCL5
Monoamine receptor		0.24579557318723166	-0.0	1.0	1.0	1.0	19		HTR4,HTR2A,ADORA1,HRH3,HTR5A,HTR3E,HTR7,DRD5,ADRA2C,TAAR1,HTR2B,DRD1,CHRM4,HTR3B,DRD3,CHRM5,HTR1F,ADRA1A,HTR3A,ADRB3,HTR1A,ADRA2B,TAAR6,TAAR8,HRH4,DRD4,DRD2,HTR1E,HTR3D,ADRA1D,OPRM1,CHRM3,ADRA1B,ADRB1,CHRM1,HTR2C,HTR1B,HRH2,TAAR2,HTR1D,HTR6,ADRB2,HRH1,CHRM2,ADRA2A
STE protein kinase group		0.19658890058378034	-0.0	1.0	1.0	1.0	29	MAP3K1	STK4,MAP2K2,MAP3K4,MAP4K3,MAP3K14,STK25,MYO3A,MINK1,MAP3K15,MAP3K3,MAP4K2,STK3,MAP2K5,MAP2K3,OXSR1,MAP3K1,SLK,PAK2,STK26,MAP2K7,TNIK,MAP2K6,MAP3K19,TAOK2,MAP4K1,MAP3K12,MAP2K1,MAP4K5,STK24,PAK5,PAK4,STK39,CRBN,MAP3K2,PAK1,PAK6,TAOK1,MAP3K6,STK10,MAP3K8,MAP3K5,PAK3,MYO3B,MAP2K4,TAOK3
Metallo protease M10A subfamily		0.2827441549920945	-0.0	1.0	1.0	1.0	11	MMP14,MMP24,MMP12	MMP3,MMP9,MMP25,MMP19,MMP24,MMP14,MMP2,MMP16,MMP10,MMP13,MMP26,MMP12,MMP11,MMP20,MMP17,MMP8,MMP15,MMP7
Voltage-gated sodium channel		0.22198906647622008	-0.0	1.0	1.0	1.0	6		SCN8A,SCN4A,SCN5A,SCN7A,SCN1A,SCN2B,SCN9A,SCN11A,SCN2A,FGF14,SCN3A
Lysine demethylase		0.2192488764195846	-0.0	1.0	1.0	1.0	13	JMJD1C	PHF8,KDM6B,KDM5A,KDM3B,KDM4D,KDM7A,KDM4C,KDM1B,KDM4A,KDM2A,RCOR3,RCOR1,KDM5B,JMJD1C,KDM5C,KDM1A,KDM6A,KDM2B,KDM4B,KDM3A
Lyase		0.30895588569143634	-0.0	1.0	1.0	1.0	30	ADCY5,ADCY2,GMDS,ADCY9,NPR3,ADCY7,GGCX,ADCY3	ECHS1,DDC,GUCY1B1,CA3,ALAD,HAL,PCK2,PCK1,GUCY1A2,MLYCD,CA2,ADCY9,DERA,GAD2,ALDOC,AMD1,CA9,CTH,HDC,CA6,CA12,FECH,CA5A,CA5B,CA14,GLO1,CA7,GUCY2C,ADCY2,ADCY5,ALDOA,ODC1,GUCY1B2,GMDS,ADCY6,ACMSD,NPR3,UROS,GUCY1A1,NPR1,ADCY3,CA13,ADCY7,LTC4S,CA1,UROD,PTS,CRBN,GGCX,HOGA1,GAD1,ADCY10,ADCY8,SGPL1,MVD,ADCY4,NPR2,ADCY1
Other ion channel		0.35718056361329864	-0.0	1.0	1.0	1.0	25	BCL2	APH1B,CLCN2,GOPC,S100A10,AQP5,PSEN2,AQP1,CLCN3,PLTP,BAD,VDAC2,PRF1,AQP2,CLCA2,PSEN1,ANO1,BCL2,ORAI1,PDYN,BAX,CETP,ATP1B3,CLCA1,ORAI3,PANX1,AQP4,STIM2,CLCA4,NSF,STIM1,CFTR,BCL2L1,ORAI2,VAMP2,ANXA2,ANO2
Jumonji domain-containing		0.3076707174971027	-0.0	1.0	1.0	1.0	10	JMJD1C,KDM3B	PHF8,KDM6B,KDM5A,KDM3B,KDM4D,KDM7A,KDM4C,KDM4A,KDM2A,KDM5B,JMJD1C,KDM5C,KDM6A,KDM2B,KDM4B,KDM3A
Other protein kinase group		0.23789240363546937	-0.0	1.0	1.0	1.0	32	NEK6,IKBKE,NEK10	PLK2,AURKC,NEK10,TBK1,IKBKG,NEK3,AAK1,NEK4,AURKA,PLK3,IKBKB,VHL,NEK6,CAMKK2,WNK1,WEE1,PBK,DBF4,STK31,AURKB,TLK2,NEK9,CAMKK1,IKBKE,ULK3,EIF2AK4,PLK1,NEK11,CDC7,WNK2,TTK,PKMYT1,EIF2AK2,MOS,WNK4,NEK5,NEK1,STK16,CSNK2A3,NEK2,BMP2K,FLT3,WNK3,ULK2,PLK4,ULK1,NEK7,SBK3,EIF2AK3,CRBN,TLK1,SBK1,CHUK,HASPIN,CSNK2A2,EIF2AK1,GAK,STK36,NEK8,CSNK2A1,STK35
Peptide receptor (family A GPCR)		0.3735152415199027	-0.0	1.0	1.0	1.0	48	RXFP2,NMUR2,EDNRA,CXCR4,MC1R,TSHR	CCR7,MC3R,MCHR2,NPBWR1,BDKRB1,HCRTR1,SSTR2,CCL2,EDNRA,NTSR2,CCR5,BRS3,GALR2,FPR1,ACKR3,MC1R,CXCR4,NTSR1,F2RL2,NMUR1,AVPR2,RXFP2,OPRD1,TACR2,CCKBR,HCRTR2,SSTR3,TRHR,F2RL3,TACR3,C3AR1,MCHR1,PRLHR,CCR2,ACKR1,FPR2,AGTR2,NMUR2,NPFFR1,UTS2R,MLNR,CCR10,LHCGR,OPRL1,C5AR2,CCR4,C5AR1,CCL5,CXCR1,BDKRB2,NPY5R,RXFP1,MC5R,NPY4R,GNRHR,NMBR,ACKR2,FSHR,RXFP4,CMKLR1,CNR1,APLNR,CXCR6,OPRK1,PROKR1,AVPR1A,SSTR5,CCKAR,CCR3,NPY2R,PROKR2,TSHR,GALR1,CXCR2,CXCR3,CCR9,MC2R,KISS1R,QRFPR,NPY1R,RXFP3,GRPR,NPBWR2,KCNH2,CCR8,CX3CR1,OPRM1,OXTR,CXCR5,EDNRB,F2RL1,CCRL2,GPR37,SSTR4,GALR3,AVPR1B,XCR1,ACKR5,SSTR1,GPR37L1,CCR1,GHSR,AGTR1,CCR6,TACR1,NPFFR2,F2R,ADRA2A,NPSR1
Peptide receptor (family B GPCR)		0.35054797403255505	-0.0	1.0	1.0	1.0	11	GIPR,GLP1R	CALCRL,VIPR1,SCTR,PTH1R,CRHR2,GLP2R,CALCR,RAMP1,VIPR2,GLP1R,GIPR,ADCYAP1R1,GCGR,GHRHR,RAMP2,PTH2R
Ion channel		0.3344230723293253	-0.0	1.0	1.0	1.0	132	KCNK5,CETP,CHRNA4,CHRNB4,KCNU1,CACNA1C,KCNJ2,BCL2,CACNA1I,CHRNA3,KCNQ5,KCNQ1,MCHR2,SCN10A,ITPR3,HCN4,CHRNA5,KCNMA1,SCN5A,KCNK3,KCNB1,GRIN2A,KCNG2,GRIA1	CHRNA6,KCNV2,GRID2,HTR3E,AQP1,GRIN3A,PLTP,SCN4A,SCN10A,GABRR3,GABRR2,HTR2B,KCNK18,KCNG1,CACNA1A,TRPM6,GRIN1,CHRNA3,HTR3A,SCNN1G,GRIN2B,PKD1,CACNA1I,CACNG2,KCNC3,CHRNB4,ORAI3,TRPM8,TRPA1,GRIK3,KCNA2,KCNMB1,KCNA6,BCL2L1,KCNK17,GLRB,CACNA1H,CACNB1,MS4A1,KCND3,CLCN2,ABCC9,SCN5A,HCN1,HCN3,ANO1,KCNQ5,KCNJ8,GLRA3,TRPC3,GABRB1,KCND1,RYR2,SCN11A,GABRR1,GLRA2,KCNC2,KCNJ10,CHRNA9,GABRG2,CACNA2D1,ANO2,KCNJ11,KCND2,CACNA1D,KCNK13,KCNMB4,GABRA1,P2RX4,CACNA1S,VDAC2,TRPC1,KCNB2,KCNH6,HCN4,FKBP1A,ORAI1,GRIA1,FGF14,GRIA2,KCNG2,HTR3C,KCNA4,ASIC1,PANX1,TRPM2,KCNB1,APBA1,CHRNB1,CACNA1F,RYR3,GABRQ,ASIC3,SCN9A,ANXA2,CHRNA1,P2RX2,KCNA3,KCNC1,GABRA6,GOPC,TRPV2,SCNN1B,KCNJ4,AQP2,GABRA5,SCN3A,TRPC7,KCNN3,GABRA4,PDYN,CACNA1C,CHRNE,GRIN2C,SCN1A,KCNK10,GRIK5,KCNS2,GRIN2A,KCNF1,KCNG3,HTR2A,KCNK2,KCNJ3,S100A10,CHRND,MCOLN1,GABRA3,PSEN2,P2RX7,GABRA2,GRIA4,CACNA2D2,P2RX3,PRF1,TRPC4,TRPV4,KCNQ3,CLCA2,HTR1F,SCN7A,KCNK9,HTR1E,BAX,KCNK5,ITPR3,KCNS3,TRPV1,GABRG3,CLCA4,KCNG4,TRPM3,KCNJ13,KCNH7,GRID1,GRIN3B,APH1B,KCNQ1,KCNJ1,AQP5,GABRD,TRPC6,CHRNA7,BAD,ITPR2,TRPM7,KCNN1,TRPM5,HTR3B,BCL2,KCNA1,CACNG8,KCNH2,CHRNB2,KCNQ4,HTR3D,CLCA1,KCNH1,AQP4,KCNH3,GRIK2,GRIK1,GRIN2D,P2RX6,TRPV6,KCNA7,KCNC4,MCHR2,MCOLN3,KCNE1,CHRNA5,TRPV3,SCNN1A,CHRNA2,CLCN3,ITPR1,KCNN4,KCNA10,AOX1,KCNS1,KCNJ6,KCNH8,CACNG4,TRPM4,HCN2,KCNK4,CETP,CACNA1B,P2RX1,KCNQ2,RYR1,STIM2,KCNH4,CFTR,CHRNA4,CACNG5,KCNU1,CHRNA10,GRIA3,TRPV5,KCNMA1,CACNA1E,CACNB3,KCNH5,KCNJ5,GABRB2,GRIK4,SCN8A,CATSPER1,CHRNB3,KCNK3,PSEN1,GLRA1,SCN2B,CHRNG,KCNJ9,KCNA5,ATP1B3,KCNJ2,CACNG3,GABRB3,GABRE,NSF,STIM1,VAMP2,ORAI2,CACNA1G,KCNN2,P2RX5,GABRP,GABRG1,SCN2A,TRPC5
Serine protease SC clan		0.3416583191928565	-0.0	1.0	1.0	1.0	7	FAP	PREP,FAP,DPP9,DPP4,DPP7,SCPEP1,APEH,EPHX2,PRCP,CTSA,EPHX1
Plant homeodomain		0.3152554656359612	-0.0	1.0	1.0	1.0	6	KDM7A,PLEKHA1,VHL,PHF13,UHRF1	PHF23,KDM5B,UHRF1,VHL,KDM7A,RBBP5,PHF13,ING2,PLEKHA1,PHLPP1
Hydrolase		0.30414444950581626	-0.0	1.0	1.0	1.0	179	LIPA,MANBA,HABP2,CDC42,TLR1,ERCC4,IFIH1,AKAP13,EXO1,IL1RL1,RAB2A,DCLRE1B,LCT,LIPC,FHIT,IL18R1,HTRA1,GLB1,LPL,PLCG2,IL18RAP,DCTD,DDX6,COP1,USP25,LYPLAL1	USP49,PRSS12,MASP1,ATP4B,ACOT2,PLA2G5,ERCC2,NUDT14,ACHE,NEU2,JOSD1,GLS2,ATP5F1B,ATG4A,HINT1,USP3,ARSG,RAB27A,LIPG,OTUD1,EXO1,SIAE,IMPA1,IRGM,PARN,TPSB2,DDX5,OTUB2,LONP1,USP35,PAFAH1B2,CNOT6,BTD,SENP5,USP17L26,DDX17,TLL2,COP1,PLA2G2F,ATP2A3,CES2,PNLIPRP2,PLAAT3,FAAH2,ADAR,AGTPBP1,TLR2,MFN2,YOD1,SMPD3,DAGLB,USP17L27,WRN,GLA,C2,NTHL1,MRE11,DCTD,OTUD6A,DPYS,RAB9A,NLN,EIF4A2,RAB7A,NEU1,RAB1A,OTUD7B,UPB1,PLA2G3,SLFN12,DHX30,GANC,CHIT1,OTUB1,ITSN1,GANAB,PAFAH1B3,UNG,MACROD2,USP6,GLB1,PLA2G12A,APOBEC3B,DNM2,EIF5B,HTRA2,ASAH1,KIF4A,DHX32,ACOT1,MACROD1,PNPLA8,PLD4,PARG,NOTUM,IFIH1,NUDT10,PNPLA2,DNM1L,HABP2,NCEH1,JOSD2,PADI1,XRCC5,RHOC,CTRL,TIGAR,KRAS,FHIT,CNOT7,RAC2,LIPC,VNN1,RRAS2,MPG,TREH,PPT2,ATP5F1A,LIPA,ATP6V1B1,GALNS,ACOT13,SPPL2A,RAC1,CNOT6L,DIAPH1,USP11,CDA,USP46,MAN1A1,OGA,NEU3,NUDT3,RPE65,LYPLA1,MASP2,ATXN3L,DDX6,IL1RL1,ARHGEF11,STS,DDX21,NEU4,BLMH,CAPN9,MCM6,USP39,PADI6,PON1,RBBP9,STAMBPL1,AMPD3,AMY2A,NUDT9,ENPP3,DDAH1,NUDT4,ENGASE,USP12,ATP1A2,PON2,MANBA,LHPP,MALT1,NT5DC1,CLPP,RNASEH1,NEIL1,SOS1,CPD,HM13,OPA1,GAA,EIF4A3,LYPLA2,DNASE2,PLA2G12B,PPP4C,ACER1,DCD,ACER2,USP51,ENTPD2,RNASEL,EYA3,CYLD,ABHD16A,RALB,ENTPD5,CHD1,SI,KYNU,ATP1B2,ATP1A4,HTRA1,BIRC3,IL1RAP,CEL,OLA1,LYPLAL1,ATP6AP1,USP17L30,KL,AKAP13,NUDT2,TLL1,ERCC4,NT5DC2,ADPRS,SENP3,USP17L28,ENDOG,NIT1,RAB11A,PGAM5,USP17L24,PDF,IDUA,BCHE,THOP1,RAD1,ACOT9,USP15,PTPRZ1,BPHL,GARS1,AGO2,MCM3,PDE12,AFG3L2,GBA3,BST1,DCPS,HEXB,PTPRO,MAN2B2,OARD1,RALA,RAP1A,NTPCR,ARG1,PLA2G2D,APTX,LIPF,MAN1B1,SND1,NAGLU,OTUD3,DHX35,FAHD1,SAMHD1,IL1RL2,ERCC3,SYNJ1,PLA2G2A,PHPT1,PPME1,ATXN3,PNLIP,PLA2G1B,MGAM2,USP24,MCM5,RAB6A,HIBCH,ABHD11,PLCG2,GUSB,TDG,IL18R1,ENTPD8,ENTPD3,SYNJ2,PLA2G4C,MCM7,HEXA,DCLRE1B,ASAH2,ARSA,ESPL1,CDC42,DHX40,RHOA,DDX42,MEP1B,PLA2G4E,LCT,RAB2A,LTF,LPL,DHX15,NUDT15,MGAM,DAGLA,NAAA,NT5C3B,ARHGEF12,AMPD1,USP27X,USP17L25,PLD1,MEST,PLA2G10,USP25,MCM4,XRCC6,FAAH,USP45,ARG2,AMDHD2,PLD2,MTREX,APOBEC3A,USP19,HYAL1,ESD,FUCA1,CHD4,SNRNP200,IL18RAP,MGLL,PPEF1,MEP1A,ARSB,PADI3,NAPEPLD,HAGH,DDX39A,VPS4B,ATP2A1,ATP6V1A,USP17L29,FUCA2,TRHDE,PARL,BRCC3,PLA2G4B,DNA2,DHX8,DCTPP1,PPT1,NGLY1,USP36,STAMBP,DNPH1,CES1,AHCY,VCPIP1,MMEL1,USP22,HPSE,AMPD2,MAN2B1,NUDT11,ECE2,AGBL4,SARM1,ARHGAP35,ATP6V1B2,GALC,DHX29,FEN1,USP30,EIF4A1,DNASE1L3,ATP2A2,ABHD17B,COPS5,MAN2A1,ABHD12,PPP6C,PADI2,ITPA,NRAS,GZMM,DICER1,MCF2,GDA,CHIA,PLA2G2C,PIM1,MAPDA,USP16,SPPL2B,PARK7,MCM2,ENTPD1,RAB29,AADAC,LIPE,PLA2G4D,PLA2G7,AMY1A,MOGS,USP33,DDX59,OTUD5,PON3,TLR1,NUDT1,APOBEC3G,MUS81,PLA2G2E,RAC3,DUT,NAGA,DNASE1,RAB10,APOBEC3F,HEXD,ABHD6,ARHGEF1,ADA,OTUD6B,ENTPD4
Reader		0.18608526843248202	-0.0	1.0	1.0	1.0	53	SMARCA4,BRWD1,BPTF,PLEKHA1,DNMT3A,BCL6,SP140	KAT2A,UHRF1,CECR2,FEM1B,ATAD2B,HDGFL2,HIF1A,DNMT3B,MBTD1,PHLPP1,ASH2L,TAF3,BPTF,SPIN3,TDRD7,CBX8,BRD8,CBX3,ZMYND8,DCAF15,BRD1,BRD4,CDYL,BRD3,PBRM1,SP140L,SFMBT1,L3MBTL4,YEATS4,TRIM66,MBD2,VHL,BAZ1A,PHF13,BRWD1,WDHD1,MLLT1,SPIN2B,BRPF3,WDR77,KDM5B,BRD2,CBX2,TRIM24,TRIM33,BRDT,CDYL2,BAZ2A,PSIP1,SMARCA4,ARID4A,BRPF1,MECP2,TP53BP1,SGF29,CBX1,KDM7A,DCAF1,SPIN1,L3MBTL1,PHF23,SMARCA2,CREBBP,DCAF16,CBX6,SP140,CDY1B,TRIM28,BRD7,SMNDC1,SPIN4,CBX7,PHIP,TDRD3,BRWD3,WDR48,BAZ2B,CRBN,YEATS2,DCAF11,L3MBTL3,ING2,SMN2,DNMT3A,USP1,TAF1L,MPHOSPH8,CBX5,BCL6,SMN1,CDY1,RBBP5,MLLT3,ATAD2,PLEKHA1
Family B G protein-coupled receptor		0.3350978357309729	-0.0	1.0	1.0	1.0	22	GIPR,CRHR1,GLP1R	ADGRA2,CALCRL,ADGRF5,ADGRF4,SCTR,ADGRF1,RAMP1,VIPR2,GLP1R,ADGRG6,ADGRF3,GHRHR,CRHR1,ADGRF2P,ADGRG3,ADGRG5,VIPR1,ADGRL4,ADGRA1,ADGRG2,CRBN,PTH1R,CRHR2,GLP2R,CALCR,GIPR,ADCYAP1R1,GCGR,ADGRG1,RAMP2,ADGRE5,ADGRA3,ADGRD1,PTH2R
SLC superfamily of solute carriers		0.2506127264037846	-0.0	1.0	1.0	1.0	68	SLC22A5,SLC22A1,SLC22A4,SLC22A3,SLC2A9,SLC22A2,SLC19A2,SLC12A2	SLC22A6,SLC25A6,SLC18A3,SLC11A1,SLC6A11,SLC5A1,SLC22A7,SLC47A2,SLC6A7,SLC2A14,SLC9A1,SLC20A1,SLC1A3,SLC6A13,SLC34A1,SLC25A3,SLC13A2,SLC28A3,SLC5A7,SLC25A5,SLCO2B1,SLC2A9,SLC39A6,SLC22A11,SLC22A4,SLC26A9,SLC22A5,SLC2A2,SLC11A2,SLC6A9,SLC7A11,SLCO4A1,SLC28A2,SLC10A2,SLCO1A2,SLC47A1,SLC27A5,SLC27A2,SLC13A5,SLC46A1,SLC7A8,SLC2A1,SLCO1B1,SLC19A2,SLC29A4,SLC12A2,SLC40A1,SLC5A11,SLC19A1,SLC16A3,SLC34A2,SLC22A1,SLC6A1,SLC1A1,SLC5A2,SLC29A1,SLC2A3,SLC9A5,SLC35A2,SLC26A4,SLC18A2,SLC22A8,SLC27A4,SLC23A2,SLC10A1,SLC17A1,SLC12A5,SLC7A5,SLC9A3,SLC15A2,SLCO2A1,SLC29A2,SLC16A1,SLC17A2,SLC2A5,ROS1,SLC1A4,SLC9A2,SLC18A1,SLC33A1,SLCO1C1,SLC22A9,SLC2A8,SLC1A5,SLC15A1,SLC22A3,SLC25A20,SLC13A3,SLC6A4,SLC6A2,SLC51A,SLC28A1,SLC22A16,SLC6A3,SLC8A1,ABCC2,SLC37A4,SLC6A15,SLC22A2,SLC16A7,SLC36A1,SLC26A3,SLC1A2,SLC43A1,SLC2A4,SLCO3A1,SLC14A1,SLC12A3,SLCO1B3,SLC20A2,SLC6A5,SLC34A3,SLC6A6,SLC22A12,SLCO4C1,SLC12A1,SLC8B1,SLC5A4,SLC27A1,SLC16A8
Family A G protein-coupled receptor		0.26827485578276394	-0.0	1.0	1.0	1.0	119	MC4R,MCHR2,GPR35,RXFP2,NMUR2,PTGER4,EDNRA,CXCR4,MC1R,TSHR,DRD2	HTR4,ADORA2A,OPN5,HTR3E,GPR119,GPR101,HTR7,HTR2B,CCR5,GPR149,GALR2,LPAR2,MC1R,ADRA1A,HTR3A,LTB4R,HCAR3,F2RL2,CCKBR,MRGPRG,TACR2,TAAR8,MRGPRE,GPR26,FFAR3,FFAR4,MRGPRD,P2RY14,PTGER3,GPR84,GPR4,OPRL1,C5AR1,S1PR4,LPAR1,LTB4R2,NPY5R,RXFP1,GPR25,LPAR4,RXFP4,GPR34,AVPR1A,CCKAR,CCR3,PROKR2,PTGER2,TSHR,MC2R,S1PR3,NPY1R,OPN1LW,GRPR,DRD2,GPR142,GPR55,ADRA1B,GPR21,CXCR5,CCRL2,HRH2,GPR37,GPR31,GALR3,AVPR1B,XCR1,GPR37L1,OXGR1,CCR6,TACR1,GPR171,NPSR1,HRH3,P2RY6,SUCNR1,GPR65,EDNRA,DRD1,GPR27,S1PR2,PTGER4,BRS3,ACKR3,AVPR2,MRGPRX1,TAAR6,CYSLTR2,GPR174,HCRTR2,GPR135,P2RY11,TACR3,C3AR1,ADRA1D,AGTR2,ADRB1,HTR2C,GPR82,HTR1D,NPFFR1,UTS2R,GPR176,GPR153,OR5K1,LHCGR,PTAFR,HCAR1,FFAR1,TBXA2R,S1PR5,GPR173,GPR141,GPR15,GNRHR,NMBR,GPR150,ADORA1,ACKR2,CMKLR1,APLNR,CXCR6,DRD5,TAAR1,TAAR5,OPRK1,PROKR1,GPR68,CHRM4,GPR12,GPR35,GPR160,GALR1,GPR20,ADRB3,GPR139,QRFPR,ADRA2B,HTR1A,MTNR1A,FFAR2,HCAR2,OXTR,MRGPRX3,P2RY1,AGTR1,OXER1,LPAR3,GPR17,RHO,P2RY4,MRGPRX4,LPAR6,ADORA3,GPR63,MAS1,HTR2A,GPR88,HCRTR1,BDKRB1,SSTR2,PTGFR,P2RY10,NTSR2,FPR1,HTR1F,CXCR4,NTSR1,NMUR1,GPR19,HRH4,SSTR3,GPR39,TRHR,F2RL3,HTR1E,MCHR1,CCR2,ACKR1,GNA15,NMUR2,CNR2,HTR1B,GPR32,GPR161,PTGER1,ADORA2B,PTGIR,C5AR2,HRH1,CHRM2,GPR6,CCL5,CXCR1,BDKRB2,NPY4R,GPBAR1,P2RY8,CNR1,GPER1,GPR151,GPR61,HTR3B,NPY2R,DRD3,CXCR2,CXCR3,CCR9,S1PR1,CYSLTR1,NPBWR2,KCNH2,HTR3D,GPR22,CHRM1,F2RL1,GPR52,SSTR4,MTNR1B,ADRB2,SSTR1,GPR62,CCR1,P2RY2,F2R,GPR183,GPR152,MC4R,GPR87,MC3R,MCHR2,NPBWR1,GPR45,HTR5A,GPR50,GPR148,GPR146,ADRA2C,CCL2,GPR83,GPR3,MRGPRX2,CHRM5,RXFP2,OPRD1,P2RY13,PRLHR,FPR2,CHRM3,GPR162,TAAR2,LPAR5,MLNR,HTR6,CCR10,GPR75,OPN3,OR51E2,CCR4,TAAR9,MC5R,GPR132,GPR78,FSHR,MRGPRF,GPR85,GPR18,PTGDR,SSTR5,PTGDR2,KISS1R,CMKLR2,RXFP3,DRD4,MAS1L,CCR8,CX3CR1,P2RY12,OPRM1,EDNRB,ACKR5,GHSR,NPFFR2,ADRA2A
Methyl-lysine/arginine binding protein		0.32606558424509696	-0.0	1.0	1.0	1.0	19	DNMT3A	SGF29,CBX1,HDGFL2,DNMT3B,MBTD1,L3MBTL1,TDRD7,CBX8,CBX3,CBX6,CDY1B,CDYL,SMNDC1,CBX7,SFMBT1,L3MBTL4,TDRD3,WDR48,WDHD1,L3MBTL3,SMN2,DNMT3A,USP1,MPHOSPH8,WDR77,CBX5,BCL6,CBX2,SMN1,CDY1,CDYL2,PSIP1,ARID4A
Eraser		0.3118474577460963	-0.0	1.0	1.0	1.0	24	JMJD1C,HDAC9,HDAC7	HDAC6,KDM4E,HDAC7,KDM4D,KDM7A,KDM4A,HDAC2,RCOR3,RCOR1,JMJD1C,KDM1A,KDM6A,HDAC3,SIRT3,KDM3A,PHF8,KDM6B,SIRT2,KDM5A,KDM3B,HDAC11,VHL,KDM4C,HDAC4,KDM1B,CRBN,SIRT6,KDM2A,HDAC5,KDM5B,KDM5C,HDAC8,HDAC1,SIRT1,HDAC10,SIRT4,HDAC9,KDM2B,SIRT5,KDM4B
Epigenetic regulator		0.27547230102252407	-0.0	1.0	1.0	1.0	98	BRWD1,SMARCA4,KMT2E,ZMYND8,HDAC9,JMJD1C,DOT1L,HDAC7,CTNNB1,KMT5A,SP140,PPARG,BPTF,EP300,PLEKHA1,L3MBTL3,DNMT3A,BCL6,KDM3B,KDM4B	KAT2B,CECR2,FEM1B,DNMT3B,MBTD1,PHLPP1,TAF3,BPTF,SPIN3,SUV39H1,TDRD7,BRD1,KMT2A,SMYD2,CDYL,DOT1L,EZH1,SFMBT1,L3MBTL4,YEATS4,PHF8,KAT8,HDAC11,KDM1B,PHF13,BRWD1,RIOK1,KDM5B,BRD2,HDAC8,CBX2,HDAC1,CDYL2,SIRT4,BAZ2A,SMARCA4,HDAC9,KMT5C,BRPF1,MECP2,HDAC6,NSD3,SGF29,CBX1,KDM4D,PRMT3,SETMAR,KDM7A,KDM4A,SUV39H2,L3MBTL1,KMT2E,PHF23,SMARCA2,RCOR1,JMJD1C,CREBBP,KDM1A,PRMT6,CBX6,VCPKMT,TRIM28,SMNDC1,EED,CBX7,SETD7,TDRD3,BRWD3,ASH1L,NCOR1,WDR48,KDM5A,KMT2C,BAZ2B,NSD1,CRBN,KMT2B,ING2,KMT5A,KDM2A,MPHOSPH8,HDAC5,DNMT1,CARM1,SMN1,CDY1,RBBP5,SIRT5,PLEKHA1,EZH2,KMT2D,BRD9,PRMT5,NCOA1,SIRT7,UHRF1,METTL21A,HDAC7,ATAD2B,HDGFL2,HIF1A,HDAC2,ASH2L,CBX8,BRD8,CBX3,ZMYND8,DCAF15,BRD4,CTNNB1,SIRT3,BRD3,PBRM1,SP140L,TRIM66,KDM3B,MBD2,VHL,BAZ1A,PPARG,DNMT3L,WDHD1,MLLT1,SPIN2B,SIRT6,EHMT2,BRPF3,WDR77,EHMT1,KDM5C,TRIM24,TRIM33,SIRT1,NSD2,BRDT,SETDB1,PSIP1,ARID4A,PRMT1,EP300,KDM4B,KDM4E,PRMT7,TP53BP1,DCAF1,SPIN1,RCOR3,KMT5B,PRDM9,DCAF16,SP140,PRMT8,HDAC3,KDM6A,CDY1B,BRD7,KDM3A,SPIN4,PHIP,KDM6B,SIRT2,SETD2,HDAC4,KDM4C,NCOA3,YEATS2,SMYD3,DCAF11,L3MBTL3,SMN2,DNMT3A,USP1,TAF1L,CBX5,BCL6,HDAC10,KDM2B,MLLT3,ATAD2,KAT5
Electrochemical transporter		0.24167389484360227	-0.0	1.0	1.0	1.0	70	SLC22A5,SLC22A1,SLC22A4,SLC22A3,SLC2A9,SLC22A2,SLC19A2,SLC12A2	SLC22A6,SLC25A6,SLC18A3,SLC11A1,SLC6A11,SLC5A1,SLC22A7,SLC47A2,SLC6A7,SLC2A14,SLC9A1,SLC20A1,SV2B,SLC1A3,SLC6A13,SLC34A1,SLC25A3,SLC13A2,SLC28A3,SLC5A7,SLC25A5,SLCO2B1,SLC2A9,SLC39A6,SLC22A11,SLC22A4,SLC26A9,SLC22A5,SLC2A2,SLC11A2,SLC6A9,SLC7A11,SLCO4A1,SLC28A2,SLC10A2,SLCO1A2,SLC47A1,SLC27A5,MPC2,SLC27A2,SLC13A5,SLC46A1,SLC7A8,SLC2A1,SLCO1B1,SLC19A2,SLC29A4,SLC12A2,SLC40A1,SLC5A11,SLC19A1,SV2C,SLC16A3,SLC34A2,SLC22A1,SLC6A1,SLC1A1,SLC5A2,SLC29A1,SLC2A3,SLC9A5,SLC35A2,SLC26A4,SLC18A2,SLC22A8,SLC27A4,SLC23A2,SLC10A1,SLC17A1,SLC12A5,SLC7A5,SLC9A3,SLC15A2,SLCO2A1,SLC29A2,SLC16A1,SLC17A2,SLC2A5,ROS1,SLC1A4,SLC9A2,SLC18A1,SLC33A1,SLCO1C1,SLC22A9,SLC2A8,SLC1A5,SLC15A1,SLC22A3,SLC25A20,SLC13A3,SLC6A4,SLC6A2,SLC51A,SLC28A1,SLC22A16,SLC6A3,SLC8A1,ABCC2,SLC37A4,SLC6A15,SLC22A2,SLC16A7,SLC36A1,SLC26A3,SLC1A2,SLC43A1,SLC2A4,SLCO3A1,SLC14A1,SLC12A3,SLCO1B3,SLC20A2,SLC6A5,SLC34A3,SLC6A6,SLC22A12,SV2A,SLCO4C1,SLC12A1,SLC8B1,SLC5A4,SLC27A1,SLC16A8
STE protein kinase STE7 family		0.28288440632928163	-0.0	1.0	1.0	1.0	6	MAP2K4,MAP2K1,MAP2K3,MAP2K6,MAP2K7	MAP2K2,MAP2K1,MAP2K3,CRBN,MAP2K7,MAP2K4,MAP2K6
Protein kinase regulatory subunit		0.24938345970513695	-0.0	1.0	1.0	1.0	12	PRKAG2	CDC7,PRKAR2B,PIK3CB,CDK17,CDK12,IKBKG,PRKAR1A,PRKAG2,PRKAB2,PRKAR1B,PRKAG1,CDK5R1,PRKAA2,CDK16,PRKAG3,PHKA2,IKBKB,CDK9,PRKAA1,CDK15,DBF4,CCNO,PHKA1,PRKAR2A,CDK13,CCNK,CCNT1,CCNT2,CCNY,CSNK2B,PHKB
SLC21/SLCO family of organic anion transporting polypeptides		0.28198622689377456	-0.0	1.0	1.0	1.0	8	SLCO2A1,SLCO1B1,SLCO4A1,SLCO4C1,ABCC2,SLCO1A2,SLCO3A1	SLCO1B1,SLCO4A1,SLCO4C1,SLCO1B3,SLCO1A2,SLCO2B1,ABCC2,SLCO2A1,SLCO3A1
